0.1666685079372905,-0.8566190076714233,0.37951489857554277,-0.30723594502788715
0.2447851659314502,0.24281534995947496,-0.9380599072226352,0.03412533993136459
0.6421769326010442,-0.15461432795224736,-0.2712248942344621,-0.7001001739569087
0.6564559630677378,-0.12419421315738872,-0.2816391410403792,-0.6887094889756228
0.5342632936243745,-0.20199800896074774,0.3457921366692787,0.7444375969006563
0.548915108021444,-0.1865448761871881,0.38360114860234634,0.718848643418817
0.522702149004654,-0.16706880725950057,0.3944539100271192,0.737072988197995
0.512041365884469,-0.18516168400826463,0.38373828000567767,0.7458375981785009
0.5679825580437429,-0.7418813909233453,0.32303334272743367,0.1505233372140991
0.5817640214674948,-0.7413948178676469,0.2901392895594832,0.16644380438720283
0.1855395825602691,-0.8666073197473091,-0.3111900464969234,0.34311451677973204
0.18248997765740918,-0.8825248420398497,-0.2783204785089419,0.3322424152327486
0.18298643400055703,-0.8402872543575848,0.3868913471490518,-0.332788792835852
0.1621228604349508,-0.8327434204043637,0.40905861042091296,-0.3360440851110796
0.17206206610279762,-0.8395194485526201,0.40640480326933476,-0.31691777607126237
0.16522966753743457,-0.8543837987275767,0.3935462909821761,-0.2963929794908729
0.16753999997116656,-0.8445142150798552,0.38862019444483653,-0.32817744195385373
0.27369360017328787,0.20101936981880134,-0.939062856857567,0.053328951352348664
0.24783175779134492,0.2260197402686905,-0.9388594911805974,0.07770040321025158
0.25679213814119123,0.17570308482639785,-0.9492372887823601,0.04620382404603883
0.6373445136781161,0.16620358419746725,-0.6835007939787537,0.31463471536805104
0.5267533756941178,-0.15340542926330122,0.40426109679262195,0.7318269065068735
0.5373703836996119,-0.15071352795277976,0.39160722022419286,0.7315478714908815
0.5207449526923276,-0.1514022753994275,0.40454977532560477,0.7363705076477087
0.5812855861979912,-0.7378351592131838,0.30564599665605013,0.15584245196814406
0.20984542561741135,-0.8874564608907117,-0.24673811276255944,0.32788142838707834
0.17400514757385607,-0.8767049271495918,-0.3087257701568593,0.3252677023168513
0.18327794620832571,-0.8726663626979648,-0.2982043235555466,0.3404949269254112
0.19940517672709865,-0.8436709504053251,0.37885400359089255,-0.32392367449719095
0.17466046886746664,-0.8413492253883106,0.39108360648689877,-0.3296646997946356
0.1516061843127214,-0.8332625215841484,0.4149614464582042,-0.33240958613535626
0.15612150813375908,-0.8550631887459516,0.3934999029554271,-0.29941750837871095
0.1714126635903198,-0.8520639459716455,0.3751460593245921,-0.3222889463033605
0.2655043923005797,0.21076668725536338,-0.9398892211169835,0.04114697122037085
0.26156776476196136,0.22157100352219555,-0.9385211275649895,0.040825089708895486
0.6849107494197398,0.15271261772660652,-0.639618151663532,0.31379092048512924
0.656258326425905,0.14835122531061298,-0.6690200927201899,0.31579904762709277
0.6560977243328047,0.16373623235438636,-0.6672764486291937,0.31219923677760103
0.6762058130195877,0.16978789313006015,-0.6450225455045266,0.31283172085936994
0.5209839947303451,-0.15391694214976642,0.3839207122080964,0.7466526226376663
0.5751767745982557,-0.7486478101243985,0.30360438226775177,0.1285399293080048
0.19557362047734497,-0.90374882118002,-0.23121454007464862,0.30253737562023064
0.22686678438235572,-0.8729547468480178,-0.2766949535728471,0.33154392584820963
0.18176475093445923,-0.8779982279939542,-0.2962048618837877,0.3291555358088584
0.19317365078261328,-0.8520057430722937,0.35358859987605173,-0.33428319798165035
0.15228944912201414,-0.8468259496599062,0.40819739439121583,-0.30507150289880197
0.16450598474027103,-0.8389560348372691,0.4100312513311829,-0.3177497844634124
0.15834059518082547,-0.8429316576268732,0.40505677774227283,-0.3167388250487158
0.17846216948823757,-0.849533814861627,0.37431167578226815,-0.32608943687472103
0.020518093234931572,0.4002183306775183,0.09251252162449283,-0.9115073938166278
0.6565963263458359,0.16090505766432883,-0.6718994712276496,0.30255896485015377
0.6442627614501452,0.17946132466676537,-0.6765538946529019,0.3082108933627646
0.6501810095740767,0.1476298608008674,-0.6735094432496811,0.3191474719352412
0.6341373051617988,0.16341607708718645,-0.6856585291487309,0.31786387866060745
0.6728608071637413,0.1372149796766537,-0.6617910852940073,0.3007705819402456
0.7151260263993875,-0.21103694667770348,-0.6264454530514024,-0.22720974418892723
0.697753317489782,-0.23719793519967305,-0.622503686740339,-0.26337541165359607
0.18752314854987376,-0.9059750250468482,-0.1883247692889942,0.32951191787483475
0.21970799364906046,-0.8695283948530333,-0.28786654731494077,0.33582974705643165
0.20831271619941952,-0.893354005657184,-0.25663329575586147,0.3044072672512415
0.1843794152321817,-0.8564376936565009,0.36052950427911185,-0.32021427929939383
0.18054739724172986,-0.8576479923437933,0.3774748205815703,-0.2989235996116885
0.12088733790925991,-0.8452854746725961,0.4172521672700678,-0.31109379092030714
0.14672388295038669,-0.8376525270104016,0.4097349400458515,-0.33004185351356896
0.037061918106907656,-0.39859991827991603,-0.10044124307967697,0.910854585574498
0.005941826919045155,-0.40317534464008126,-0.08826371226409203,0.9108368971800481
0.017498228426558574,-0.390003832197812,-0.09736748635331482,0.9154836948161283
0.6487685115687428,0.16075766385780108,-0.6743648503655217,0.31382868017335164
0.6967747762367587,-0.1986922712093044,-0.6391144652536517,-0.257990296068364
0.6856357854384387,-0.20631947232085382,-0.6477678668203389,-0.260254943819493
0.702552176050253,-0.2108768147993995,-0.6238784686266222,-0.26967956038827845
0.6957690009219365,-0.20390515482826327,-0.6388181878482974,-0.25737037138095337
0.701827740198321,-0.2110036933998447,-0.6214049431775784,-0.2770760925345475
0.627994894353471,-0.541868653845479,0.4279852128363626,0.3589281714202368
0.6572059614301988,-0.5065190520794327,0.4454938127801511,0.33623509173755906
0.6603271298476705,-0.5145874312871471,0.434772688647214,0.3318743231328785
0.6741888072772287,-0.506492180851864,0.42583250642245063,0.3280271320363665
0.15318096489274421,-0.8630273142386203,0.37325350015456316,-0.3039757745198936
0.15599742911591757,-0.8591513461077549,0.4025475450671001,-0.27473485499824774
0.009500156787368014,-0.4094066111672098,-0.08286116573399005,0.9085317831351861
0.05084588381501813,-0.390311255810051,-0.06783119944936147,0.9167719171464142
0.04753325064860945,-0.3944828000493576,-0.08081666077029559,0.9141075308134892
0.054537423770679536,-0.3954821177581349,-0.08449903780986263,0.9129509716031883
0.6079183959191854,-0.7132334052729649,-0.21263811313729206,-0.2766195335604261
0.6964377478823168,-0.2039687807033999,-0.639193476665535,-0.2545641357520755
0.6931572594277712,-0.19970028028427111,-0.6490386665042008,-0.24166427360992812
0.7062315659140525,-0.1852638459269458,-0.6330353001548287,-0.25725588711792086
0.7055235471735459,-0.20454926615803581,-0.6301529181864373,-0.25160171263126146
0.7041534980204268,-0.20827824504785203,-0.6286022101243323,-0.256217261893473
0.6336756155643054,-0.5370304324842228,0.41780245983308967,0.3680959567591403
0.6490179262811253,-0.5137472800840585,0.4288425944332616,0.36184733351474213
0.650016942863584,-0.532757550744019,0.4116977689303198,0.35235254103427616
0.6495664909457337,-0.5033112252875169,0.44926906572860764,0.35056881053420674
0.651172831788184,-0.5243528592961166,0.4310315569807568,0.3394699087926484
0.04470217430812322,-0.39858900476531206,-0.10340753945275005,0.9101842679791012
0.04309940658680846,-0.40143835711578285,-0.08386256418655887,0.9110196248797835
0.06107864607774849,-0.39485035769836585,-0.07010385364674517,0.9140284698644006
0.05750607942282803,-0.3939103007761859,-0.07438112310393771,0.9143277171220542
0.6134285544003727,-0.7113114570997883,-0.20900949654663278,-0.27213314755495777
0.614898737389097,-0.7037272495293453,-0.24484179016344845,-0.25830214636490156
0.6161992449280792,-0.7017223268108843,-0.24931694432123933,-0.2563695143333227
0.6256034946695005,-0.6893257064292969,-0.24639976883254236,-0.26969889104764394
0.6901503721485893,-0.1826355660501634,-0.65737377128177,-0.24123938042426513
0.6984216013499919,-0.2037854382938612,-0.6427167218893506,-0.2399874524030357
0.63804043830222,-0.5528288001567617,0.3814761147212263,0.37651120926945064
0.6291762709816157,-0.5489488997337605,0.4095433155796478,0.3675140788851377
0.638652066212211,-0.5328720208925443,0.4030235323732453,0.38176298933521746
0.6410300970614635,-0.5212312035059066,0.43366180515699393,0.3596329877821729
0.6409891288685216,-0.5152419043854847,0.4344832413740796,0.3672642503738507
0.6407590002531579,-0.5389674035314884,0.400499178803352,0.37221290856570244
0.06163630083413986,-0.385432755972595,-0.06953866647935626,0.9180451682281904
0.059486200444908,-0.3942347567683308,-0.07078529895306349,0.914346646499329
0.03538025278884382,-0.3932557915281329,-0.06539022204760248,0.9164181572856054
0.03605577012115079,-0.3928697601739152,-0.08416966879940806,0.9150239340236184
0.6122397900430697,-0.7037840370664973,-0.2573041255309272,-0.25227971706652536
0.6121961930474282,-0.7125400703010828,-0.2343185656050473,-0.25019448284555995
0.6181238000516611,-0.7068091317608989,-0.23273647305922326,-0.2533328900420391
0.6116834212048482,-0.7157084108155596,-0.21764137389737706,-0.25736568395778947
0.6017357369965995,-0.7195755863837071,-0.24235511987503133,-0.247768186359877
0.6920753159126137,-0.13441380027520808,-0.6671473485494824,-0.24058076133271292
0.6166558458983532,-0.5691081065554611,0.38895031808576025,0.38022254119558774
0.6280631482426107,-0.5346611742984286,0.42255166494207863,0.3756650116421323
0.6417621971439955,-0.5313131286219144,0.42892347079469556,0.3491021310051495
0.6356899138692156,-0.5255284278305713,0.43626724319213633,0.3597069605448453
0.6295679215167698,-0.5417843241773872,0.40646707204118926,0.38065535280482915
0.6455802100782,-0.5156263399694941,0.44211781285086155,0.34912391703379675
0.04168333889914868,-0.3857287301520548,-0.07287750389277693,0.9187843682931597
0.05334211316768452,-0.37688521145718584,-0.05664355160749108,0.922986275309101
0.06701320256380172,-0.38782476070075456,-0.056530383726893826,0.91755408635417
0.05077418322968396,-0.395898615987681,-0.062105471475811115,0.9147836785760689
0.6012579227702801,-0.7199382815189188,-0.2281192788220176,-0.2610352001919983
0.6270813103697694,-0.6942227672873498,-0.23044567902337376,-0.2678032273597231
0.6190047759268378,-0.6932713330029932,-0.2644706697136604,-0.257416415710472
0.6165995935407415,-0.7006737543549494,-0.266044743515695,-0.24100088309215928
0.5993165477047199,-0.7127050643213397,-0.27531906543544477,-0.23889449375354946
0.5893479267491669,-0.7188125307061273,-0.2513169432573253,-0.2698469213611782
0.6429314699768954,-0.5430447457857468,0.4395081824132218,0.3139651040795268
0.6352528037101615,-0.5366860851523384,0.42739111487118675,0.3546248106258223
0.6265281225048248,-0.5390615698216348,0.4278130868105396,0.3658566637436743
0.6402281594394418,-0.532846691697728,0.40632040776986195,0.37561420798114686
0.624110182394993,-0.5322516440520111,0.43937715934826466,0.36625452826943966
0.6330151751020077,-0.5284828604229534,0.41451373061086666,0.3849363862572744
0.047565162708702424,-0.37582305558490536,-0.06240509911897694,0.9233635198508064
0.06479609987029841,-0.3796459447415429,-0.056695393535290815,0.9211167431084826
0.4312256430577791,-0.11117251327225264,0.2816124918602703,0.8499291273337942
0.4292899207624618,-0.13135054774807525,0.2537860028147048,0.8567670992243893
0.4262378733394192,-0.13397646430063456,0.25454366791677785,0.8576590834755167
0.4065578224440303,-0.14116865246633117,0.2587215733426117,0.8647804900999629
0.6037879194411189,-0.7147067824091043,-0.26357525650790564,-0.23486687223229674
0.5976547093538126,-0.7195516109561676,-0.25956209949016196,-0.24017044794448225
0.7529629664140641,0.5553939022609694,-0.31596480293668555,-0.15732332263668716
0.7609564055258713,0.5425002824568699,-0.30571355690024327,-0.18214832843252798
0.7543530289695016,0.5552482802859274,-0.2995938022892246,-0.1813681574972401
0.40880956301059573,-0.4403395053077971,-0.4901044557362173,0.631485141332618
0.6428469438374731,-0.538219445653656,0.41447634159679514,0.35394490726047884
0.6393346476635712,-0.5317048232761779,0.423646017679625,0.3592565112923364
0.6443450005655886,-0.5270524358562223,0.4033831719012134,0.37989112483851284
0.6431375016759029,-0.5174806010717927,0.4138195109509843,0.38385074418156656
0.43764397525572746,-0.10597409442150392,0.24088263197079143,0.8597748541616758
0.4268382431245872,-0.10419371502700449,0.26577329858177917,0.8580893529907873
0.44184935609907927,-0.06808097538896977,0.2723754993313768,0.8520244800878075
0.43548672548536244,-0.09112143569864845,0.2791545098058116,0.8509529690513635
0.4357702743860128,-0.09023994321723462,0.2796024445212094,0.8507546612434478
0.43678618517280426,-0.10377505954857427,0.29125386472714215,0.8447601740964014
0.42655863661520377,-0.13265950832879014,0.29803142924697995,0.8435795466699892
0.7521250488885857,0.5515030005377264,-0.3155947668280645,-0.17479214622793232
0.7334325366802115,0.5734920163624635,-0.3253940251424164,-0.16523422680837893
0.7385365626268556,0.5738460663988175,-0.31487389823634915,-0.1616133223201535
0.7511653671471302,0.5598602026915421,-0.3018262486287621,-0.17665803202682598
0.7530560603255556,0.5587607400268265,-0.29898553997852007,-0.17691990361567245
0.7562225519308401,0.549044830929508,-0.29854453444767715,-0.1937740605246628
0.658395158360421,-0.5411410067438089,0.38928948423439447,0.3494795040233007
0.29191581787803705,0.8110275502145158,0.0040709796100718435,-0.5069545297072039
0.2963464757333197,0.8155802755405109,0.010736019061055025,-0.4968826001828058
0.4402959291974446,-0.0986537944731102,0.25678592516561943,0.8546741555733701
0.44145468593317466,-0.09503519688670199,0.2630518795733175,0.852578313278782
0.4367236221942543,-0.09339950922566125,0.27563106561745215,0.8512206089848411
0.4431097684878634,-0.091236063776779,0.28430000159555363,0.8452829247239766
0.45189416976492286,-0.09164100958356365,0.2853933166434928,0.840204879484881
0.4391620134644794,-0.0990970466176014,0.2958107178632934,0.8425037213441234
0.4349233133791517,-0.13669213481848264,0.2754882510191577,0.8463233396926211
0.7532169035005652,0.5545665779948804,-0.3018378289616133,-0.1844292055500115
0.7457462378778802,0.5589297326583681,-0.3207899673182737,-0.16897899132547334
0.7499531602906321,0.5528955675709005,-0.3184014772424085,-0.17463461289331353
0.7547018527192305,0.5510176440871636,-0.30182108941460334,-0.18896745590544115
0.7608041054045626,0.5453787511969077,-0.2875954300463053,-0.20255369549565247
0.7506065312188647,0.5690044339494108,-0.26118972658787526,-0.21119591890575265
0.3286729569205708,0.8205126031403103,-0.020887893052126592,-0.4672224859751972
0.2994868066560748,0.8072166587711584,-0.009049463998786787,-0.5085538571701218
0.31780435105230287,0.8089980961451141,-0.0013319700573283962,-0.49449034443715056
0.3168987235564468,0.8014061534460435,0.007208776898137715,-0.5072192915916586
0.4311562184223887,-0.107745386991654,0.26062422394995965,0.8570707443310649
0.4389014910334464,-0.10095375819393043,0.2611836671045354,0.8537897351883345
0.4258085277228442,-0.11494126283066848,0.2725197622086332,0.8551073517536527
0.4511032012747689,-0.09286711461122818,0.2737200992855906,0.8443689407306068
0.43702366618309874,-0.10945992233940993,0.2925891235877944,0.8434574354141768
0.42657782671162797,-0.1245312466036173,0.2850120063792228,0.8492888098856733
0.7446117615602952,0.5760560945009026,-0.28574851429370784,-0.17905442500362878
0.7544052423476602,0.5495856126016379,-0.30461398760942054,-0.18983862434272525
0.7452157723759044,0.5664883332149127,-0.3016191395508483,-0.18102573184544832
0.7600083805496496,0.5448987557937752,-0.2942320141803098,-0.19723115692023108
0.7593633185152349,0.5527874816953899,-0.2725262211226865,-0.20862121027112215
0.7484096670098684,0.5736653421017861,-0.27041648220166936,-0.19407723140825323
0.3260113373546835,0.8121642922938889,0.0064326740553385,-0.4838020162664428
0.3174840185180565,0.8213931537543083,-0.024388811438860524,-0.4732043647598543
0.3112874692848604,0.8170642613955468,-0.002232947081275672,-0.4852845744135177
0.32186077033631305,0.8037473788976709,0.0009822432263397786,-0.5003946748636356
0.3257790928654057,0.7990605348424993,0.003153433720050684,-0.5053318713130864
0.4442762310078135,-0.11004876890731871,0.25265178046837605,0.8524523311303894
0.431287573790945,-0.13512100735879373,0.2591655605964693,0.8535611016585649
0.44508394299375525,-0.12886712221502974,0.2515210976597855,0.8497238880560938
0.4308934228220386,-0.13809946948305793,0.27209476536426486,0.8492489819591023
0.5256741698941948,-0.1686591132636878,0.41696621249231847,0.7220525938316174
0.7581543317799652,0.550598429895573,-0.28379495657325443,-0.20372481641515602
0.7647588150613736,0.5466591489951983,-0.25782377256311667,-0.22323671720192428
0.7644529204468463,0.5508898138508788,-0.2748248223003137,-0.19132031377570202
0.7618949618345892,0.5483237835818484,-0.2721275251256892,-0.21166885826338228
0.7459229011039389,0.5695244921710031,-0.2686206286259259,-0.2169881017536602
0.7498577457451046,0.5690883439737042,-0.2747947896550544,-0.1958051109592693
0.31346120357153645,0.8176145006541932,0.00567307585516873,-0.4829248579083704
0.3024696173863689,0.8090263858829397,0.002328451568460643,-0.5039672765335322
0.3074069195291983,0.8329931666560074,-0.017836319082497963,-0.45967949252882007
0.3144790486890709,0.8029907579312453,0.017610147968854135,-0.5059630948015245
0.30666757567859476,0.8181697414855208,0.006542499607607252,-0.4863234189752884
0.31845318389375665,0.8022278012558972,-0.014182422512779368,-0.5047940010060809
0.4486394333626853,-0.12333659233968644,0.2690314330591222,0.8432869214260339
0.43217019893955244,-0.13058857121744855,0.2699932608949215,0.85045821960121
0.6540947109707633,-0.13390036999554522,-0.2983484251376382,-0.6820696571560861
0.5319504223265343,-0.16356832385811634,0.4475853433688588,0.6999582216234401
0.5308348539574514,-0.15859037954977198,0.4383632737420054,0.7077436609199845
0.5233533920439574,-0.1709965664467401,0.4211308435627358,0.7207705695293393
0.7630139624155605,0.54762258982692,-0.28970592682129104,-0.18436287108520388
0.7641535706382606,0.5559581278719542,-0.26454234834688933,-0.19234663102072166
0.7597721138100381,0.5626924787015649,-0.27521241200857954,-0.17430329246957857
0.7579380413229075,0.5620208244884215,-0.28223092838387104,-0.17322881232787946
0.31437060893333935,0.8256080676073403,-0.004540344140713935,-0.4685315616003246
0.30681137295653055,0.822555212289002,0.00884936667678299,-0.4787393788588354
0.3049005252087132,0.8284047440098457,-0.0056190917716292775,-0.46984005324907646
0.3057108854377545,0.816015879550781,-0.002650936694890345,-0.4905628516107483
0.3095888542447718,0.8132649511668147,0.02076905762612139,-0.49226365575407954
0.3182407214134244,0.7987060062764557,0.009286740173358943,-0.5105931014311984
0.65489395700006,-0.1462837949599521,-0.30522514157941094,-0.6756867390771754
0.6577143502476993,-0.15220154204269346,-0.30041602549608826,-0.6737927987914434
0.6578788614358658,-0.13916090691376953,-0.30400929885555134,-0.6748392340936781
0.5603092781669448,-0.16513402839927596,0.3976441623599338,0.7075757101580942
0.522411979004626,-0.15426129298014185,0.4229423910381654,0.7241608326494087
0.5153431428245747,-0.15706237249043806,0.4287688013078658,0.7251966432054004
0.5220015599983151,-0.18042922803411549,0.3877793716572501,0.7379612618203255
0.5559007433893862,-0.7574478622223686,0.3065052240328221,0.15264877056328133
0.5557532477125802,-0.7522298021701257,0.3219566373873717,0.14708016870479107
0.18155550103222887,-0.8622465691351553,-0.31367383381422786,0.35380387227936655
0.30055222647962426,0.8230647204372917,0.02199258015890554,-0.4814033148489711
0.3001570708295887,0.8226041653021561,0.003831878133628427,-0.48292177085788285
0.3147789762554064,0.822794462001686,0.01448044405992048,-0.47298391742931595
0.3032445080112106,0.823120954861013,0.014059674248317543,-0.4799135209491021
0.31635954288452595,0.7972274838038202,0.0033930798372718168,-0.5141337041110428
0.19623175311336905,0.5634414123528991,-0.6611627216699086,0.45485242594699116
0.6640087151809724,-0.11901008608707601,-0.28519558081452523,-0.6808762782305805
0.6681598826921729,-0.11687922949742224,-0.29456661880496565,-0.6731508924146806
0.6199510870383906,-0.13691822463699396,-0.2644584525320091,-0.725930972149933
0.5203038597554499,-0.1944352169152861,0.35558323300232153,0.7516910298482371
0.5610221287977655,-0.17796942196886553,0.3758030375874928,0.7157884693003268
0.5225807107509589,-0.1703451892142152,0.40749079352028833,0.7292757849118545
0.5337979453623188,-0.1301079559912568,0.4088274491277326,0.7286918348344898
0.5232032913721185,-0.12134623954755737,0.42724848734711407,0.7273184557706837
0.5062135931909792,-0.15668035427547672,0.4111937648207042,0.7416999072572169
0.17046775314900275,-0.8717836640061031,-0.2820312075260443,0.3624808771367476
0.18547436401444709,-0.8560093060550631,0.36735568720996203,-0.31288516633912566
0.1843159076001016,-0.8383127750498948,0.40239795359307196,-0.3183319404926299
0.1996350573518424,-0.842380920319367,0.39170341707297945,-0.3116226275663795
0.17813627954616282,-0.8424443423688641,0.39666473071100555,-0.3181384719428144
0.18897872423416323,-0.8571787572751668,0.38028814174830866,-0.2913975791056734
0.17209167954925553,-0.8489946038124805,0.37661269119064805,-0.32826132480288206
0.6787217572593655,-0.11084518877795582,-0.30029394603402265,-0.6609641944332946
0.6474855221801394,-0.12299564140513894,-0.28824151109872015,-0.6946591984865508
0.6126962914339175,-0.1530203290773248,-0.2518555863853235,-0.7333190280898869
0.5209990198668126,-0.18224914430589687,0.3623417515310283,0.7510351029046616
0.5746835157674548,-0.17058017828426336,0.35772034258283864,0.7160149551399629
0.5187645972579548,-0.18394506718632445,0.36219445437277537,0.7522384476422476
0.5360339589080628,-0.15920778761822563,0.3817209890046445,0.7359412760624148
0.5151180047075539,-0.17833901116843767,0.37554038525604566,0.7495452337006175
0.48282669004320883,-0.19698419130727904,0.3898156612957665,0.7590252736012687
0.1388407332181543,-0.8972280683635024,-0.25184067894086554,0.3350840440408159
0.19300634841848155,-0.8601817738713023,0.36173849903346716,-0.303283899484951
0.18705118546531474,-0.8503473202810895,0.3826150872899672,-0.30907439862415254
0.20159205804165975,-0.8470329082935855,0.3802873267029832,-0.3118933207866707
0.15642882432554323,-0.8449465790226579,0.3975335327010357,-0.3218111121392025
0.16419498985293868,-0.8530338149982921,0.39649216275821403,-0.2969297570941095
0.16538830132095964,-0.8569816347693109,0.3790356278035853,-0.30750801665945005
0.8562764041915126,0.32392860227756765,0.0032941820021979954,0.40230601364669055
0.8636136274005396,0.31333909522872383,-0.019899911797802625,0.39445418932972004
0.8623466183007572,0.31489549033151815,-0.01528376171947671,0.39618877659749935
0.6806084235497,0.15897013986283956,-0.6480646943426929,0.30251085992356336
0.5393207676477739,-0.17031139601471085,0.40066004652909337,0.7208319256849277
0.5008592131201073,-0.2005359472817865,0.39436173331884017,0.7439114233390046
0.5180033187180633,-0.194779986336023,0.40188064405458956,0.7295377074930944
0.49071464614313826,-0.17519704600487918,0.37711432928128974,0.7656957057359679
0.18283095573121508,-0.8992517763832456,-0.201481555778971,0.34252630114908456
0.16098452672047442,-0.8925692176035732,-0.25695458982578223,0.33373419469780746
0.18253770962009985,-0.8735701198494151,0.3335782048501767,-0.30377756915522985
0.19722580913496626,-0.8510418193800154,0.37036458462188765,-0.3156895252225955
0.1713962129273776,-0.859854068337138,0.38448655687678945,-0.28886745565961064
0.137768864663531,-0.8424991706331377,0.40465569873193286,-0.3278241188435776
0.15897793921608794,-0.8431628711388391,0.40108116025501694,-0.32083685957820496
0.1498420939614995,-0.8533634674075433,0.3929026270600947,-0.30813254456594535
0.016116287805955785,0.3930873428936917,0.09750966024158676,-0.9141742023726678
0.6470102651222567,0.15181376393655124,-0.67304249597155,0.32456755309523855
0.6442512533325672,0.16135118559444525,-0.6743970905957893,0.32263707425312743
0.6839392650921556,0.1668743359727645,-0.6420865021254827,0.30348799226182543
0.6681049651664658,0.14462727681721133,-0.6641398301567434,0.3027160258719804
0.7010533855553406,-0.21321117898318165,-0.6400197195615339,-0.23117072117889895
0.7101758637602442,-0.20199665022642274,-0.6295240036935721,-0.24196513096582897
0.6954854982233533,-0.2445545118720422,-0.6096083328402521,-0.29132575069116334
0.6514830106535581,-0.5078608993568084,0.45306454969905924,0.3352308272522956
0.6408552962785724,-0.5384489348785368,0.42784517545025813,0.341065594283285
0.6532186114662968,-0.5203631091609056,0.42436969682345854,0.34991147548545004
0.18971377247138319,-0.8480532183484213,0.36210587539329403,-0.33718505066093535
0.1686356038092921,-0.8642838804183088,0.3800592443837994,-0.28307309645277395
0.17729073766053377,-0.8541708568110719,0.38092960135788184,-0.3063540117637575
0.15398436280882688,-0.8323636294524348,0.41814963685085327,-0.3295610498475649
0.033551459595928715,-0.3884615176035206,-0.07095762163362404,0.9181159865900669
0.016445201513911205,-0.3970216508382105,-0.09635569896392072,0.9125891427088333
0.6550253618656651,0.14956088710269008,-0.6795107794110035,0.29468358798219757
0.6872942827046419,-0.19300130344565716,-0.6585469015820078,-0.23810301183841945
0.6893189869190276,-0.20670819728021173,-0.6469193133612162,-0.2522032066615
0.692986884029118,-0.21092733041195255,-0.6352507321506482,-0.2678345518243793
0.7056377063267983,-0.20190151807295226,-0.6272243227797708,-0.2605779217876112
0.7011154821571637,-0.21499924403520823,-0.6239273590062155,-0.27005009984694694
0.7005138660528949,-0.20341266935317168,-0.6319009820002558,-0.26192510067070063
0.6401426788285859,-0.5297136313219122,0.42305760255047675,0.36144582506671463
0.6341182044021509,-0.5366441150676614,0.43739793524856124,0.34436934075108067
0.656385758725341,-0.5232339974414751,0.4335499344945191,0.3277474240383456
0.6593763425505171,-0.517676827420648,0.43759717087515,0.3251803457751721
0.1931379430996718,-0.8608354775454563,0.35847376250434726,-0.3052156239944001
0.16138328174906394,-0.8570332092390845,0.3943737723973043,-0.28968749071780275
0.15735531070553815,-0.8451811546872257,0.40275299790599745,-0.3141626085836174
0.05153600246352548,-0.39628741943612433,-0.08245801592224906,0.9129627578696203
0.06113694872329925,-0.39566040758895576,-0.05526517209205361,0.9146916836404395
0.6190313013546933,-0.7062246722551314,-0.2154772223940747,-0.2676126433309566
0.619274895884275,-0.7086955392350943,-0.21683436847287035,-0.2592915205801588
0.6835579564733928,-0.19907608732955143,-0.6624729726641004,-0.23290940746364502
0.6930562077539706,-0.1899608516799555,-0.6565211539492523,-0.22927699871520785
0.6889562735788253,-0.19411493510376543,-0.6562447018031996,-0.23874994538485123
0.686576789597723,-0.20187125259737437,-0.6490403998143663,-0.25808306563829153
0.6365702665767343,-0.5450263351037976,0.41473803113101243,0.35456586875687807
0.6421778446035895,-0.5215486324088973,0.4428216844976501,0.34569292106052846
0.6358637006080796,-0.5451908132080379,0.40155441481209586,0.370403001320821
0.6430748771841698,-0.5266621674590394,0.42005200020983285,0.3641949763816498
0.6526718919619059,-0.5269285949442426,0.4131886331014604,0.3544584753517675
0.6610662697544963,-0.5123559202001209,0.43883559807639294,0.32849066332195415
0.059714925453159054,-0.3925256638428562,-0.06005729816537392,0.9158334192635276
0.06455113623874004,-0.3887377580964208,-0.07934407988583764,0.9156531129349839
0.06326244593577095,-0.3952839742688413,-0.08062137724991367,0.912824537439031
0.045078073223849,-0.38306897304326276,-0.07853774359576297,0.9192703367545869
0.6196485748333505,-0.6996709779479579,-0.24298710784029262,-0.2597179850294468
0.624797270413465,-0.6972035512058768,-0.23629735254196477,-0.26019058447887095
0.624241563128167,-0.69861727456899,-0.24652236858914384,-0.24795785190692715
0.6188911259078695,-0.698711569956594,-0.2408229368408447,-0.26604554003522035
0.6890009650540431,-0.17602856730799815,-0.6634314892863035,-0.2327021114417498
0.6928961184118452,-0.17092800451952403,-0.6621818655010357,-0.22845954425749024
0.619991942411672,-0.5584090230589706,0.40568195988024464,0.37311057575288814
0.6322696447468207,-0.5390699481319948,0.40724770662297727,0.379193872317345
0.6391096991499873,-0.5400943757864629,0.40553325140438784,0.36793972291888977
0.6439205358087009,-0.5221667728966255,0.4314173956489907,0.35579099985525475
0.6447383729684375,-0.5242190127229545,0.4224557436037052,0.36199171512345896
0.6464366513413263,-0.5147459414284082,0.4283497491041888,0.36561286086237826
0.05093238595038779,-0.38403897319197083,-0.07965925610815046,0.9184630433759181
0.07606445549982158,-0.38302476602052393,-0.06304978926945891,0.9184394107928489
0.049557184846621034,-0.3862775776263224,-0.0869588460406236,0.9169361360250241
0.04465279935571983,-0.39395131142416373,-0.06956519675183936,0.9154065627565477
0.6169741084923603,-0.7085715582700601,-0.23875405405867692,-0.24549093248293813
0.6171480943948261,-0.7074260102624403,-0.23272956017033436,-0.2539953176968489
0.6157347980036805,-0.7008274229153364,-0.2506151023804133,-0.2586574032887327
0.5997597702621094,-0.7170008747239344,-0.23894859125921264,-0.2628717070273875
0.5906952958850517,-0.7232474830728222,-0.2610544006206629,-0.24462776940626674
0.6833944441843803,-0.15018010042175384,-0.6821570635367024,-0.21231983365248114
0.6382623959917928,-0.5371779535643465,0.3980887601714554,0.3815577270772933
0.6313841522812998,-0.5212168674456519,0.43940188226924276,0.3696119792382447
0.6348833531063534,-0.5353363602931605,0.4121061981108998,0.3748420877850895
0.6341336596691213,-0.5074458710282506,0.4496032270810797,0.37179312506998624
0.6512388068394314,-0.5270310368816974,0.40646311994779394,0.3645737713441027
0.6455963655706393,-0.5078659478416749,0.4449318892136747,0.35680964917671276
0.06880449537533515,-0.3901040305014449,-0.07245777359782608,0.9153330857386941
0.06496012190837275,-0.39332327127785777,-0.07855234442504654,0.9137321905341099
0.08205023067475681,-0.3824507510111771,-0.055972643863039316,0.9186219275829351
0.0683600239327468,-0.3815677061936822,-0.0741351833842074,0.91882368673353
0.6254658417873871,-0.694004098257122,-0.24209344471925479,-0.26180442391884773
0.6148951891027802,-0.6980142725939913,-0.25838306376121256,-0.26061115485471176
0.6116406481497282,-0.7007177773583281,-0.27440888442862327,-0.24411079077259876
0.6168648689717272,-0.6881186426099543,-0.29505645324292523,-0.2427182657338202
0.6054994137689237,-0.7024767570265689,-0.28251090441963406,-0.24512130598323206
0.3970970530224303,-0.4696932185146246,-0.5192533962047156,0.5933617121892371
0.412120237506561,-0.44661894850842304,-0.49551015295069384,0.6206110803019442
0.4209215944091427,-0.46023587272952526,-0.4980416018301628,0.6024637048481867
0.6435116374114869,-0.5178120251336256,0.4373869136666256,0.3556067587886716
0.6409815365170634,-0.516929710151302,0.42883240671700706,0.3715226931917014
0.6489422952692997,-0.5110116474567044,0.43625873241146773,0.3569584177028713
0.6498077513445659,-0.5030802263283614,0.44661984334686744,0.35382324358179634
0.6504346086038909,-0.5194250703733853,0.4201510179549591,0.3613938825012383
0.0746314551362805,-0.3890860367042098,-0.06522724712780881,0.9158534861964437
0.444515532041197,-0.08634672950280453,0.2655163298444255,0.8511470276422561
0.43500907685827855,-0.08367715425052027,0.2659085643456347,0.856187988887421
0.4441948551062363,-0.08708647544401336,0.25754395886756193,0.8536849452477844
0.6283845973388179,-0.6924534126067231,-0.2513334970134611,-0.24994507891858905
0.6214637489206927,-0.6851702297269255,-0.28031024316986325,-0.2564190567166224
0.6009012103453849,-0.7054086900023608,-0.29392092373067036,-0.23436468605127841
0.7419322981818764,0.5816786117378918,-0.2777468944507879,-0.18450777811295943
0.7519180407953118,0.5662413738911545,-0.2837515102919126,-0.18296187260589716
0.4064285917147605,-0.4571539297129135,-0.5069627023183091,0.6073013278784385
0.4107066994878852,-0.4496743675306452,-0.5033554465485105,0.6129814553570375
0.4305491105220726,-0.44116077709535645,-0.48693019991549935,0.6187920592505411
0.4516997590830891,-0.4582344215833505,-0.48126431099857025,0.5952925377320994
0.6496292340698956,-0.5150463993154544,0.4307200832631363,0.356636053516387
0.6558907218977422,-0.49778967915714967,0.4220606571885199,0.3793120060144096
0.44554476891995637,-0.12119814867482581,0.2528883593186536,0.8502048843466951
0.44330307087258125,-0.10736129008616024,0.24916347872938108,0.8543263437430967
0.4316187545247549,-0.09850426449080861,0.27856771945228154,0.8522923127066085
0.44011991872271544,-0.08518497625139855,0.2893144409372775,0.8457748702992479
0.43408918508463346,-0.08196531800642484,0.2704141101534875,0.8554089519443681
0.43432152621358955,-0.12930697158126384,0.26410226600166725,0.8514073713920763
0.724934591273952,0.578294836951242,-0.33632988096602806,-0.16409488444001596
0.725143543358959,0.5845380055311711,-0.3218940073919359,-0.16990117603952734
0.7434527885872283,0.5658801526882842,-0.30862554086688676,-0.1783476365416145
0.7556378524163135,0.5606069238974529,-0.2904645118686467,-0.1742460335812724
0.7632716825127174,0.5472088618107188,-0.2806658372078599,-0.19800375767756112
0.7605873315590685,0.5476173325720886,-0.28116848105875325,-0.2063163914903511
0.4194868161308312,-0.4462800151792504,-0.49614666103194355,0.6153888607140041
0.43963448406721894,-0.4449033464721429,-0.4940946150626161,0.6038650876503493
0.3086914116835993,0.8107557927393984,0.02037857698097529,-0.49696012968097036
0.32377794761226364,0.7998471275640637,0.0017090452984904155,-0.5053805420984019
0.30437215314513005,0.8019357658335503,0.026732984195400107,-0.5133633873025649
0.4394318933852839,-0.09751847004820312,0.26282824060588883,0.8534114336094257
0.442309535310658,-0.11502380905059888,0.2574961586452876,0.8513680324088297
0.4246941864356189,-0.116205864189823,0.2858795152205145,0.8511192324891783
0.4320409567067718,-0.12844630477724098,0.2813621606203154,0.8471584816833492
0.43582448826253717,-0.1645424672052211,0.28655308641538146,0.8371798615486014
0.7490775440198382,0.55416425822285,-0.31554686318779457,-0.17948533390187937
0.7484602345478839,0.5480949690034557,-0.32824870628933345,-0.17791000273454716
0.7501832422754405,0.5571495982274252,-0.3104704001024651,-0.17440630396961462
0.7511271181363863,0.551470806830169,-0.30562306586553667,-0.1956592528483115
0.7552416818397741,0.5482922055098828,-0.3024264609785579,-0.19371085433945862
0.7533656452169285,0.5565140002938591,-0.293780929307904,-0.19085370747981853
0.7511442651196264,0.5601962240961025,-0.2725821052905391,-0.2183150919239055
0.3066302956160231,0.8192584265470865,-0.04307502309434122,-0.48263654516358834
0.3170548724408999,0.7947331394140458,-0.00022701619447173166,-0.5175668009467255
0.31961551317026626,0.7952663007721653,0.01005579167075437,-0.5150692338423426
0.317415657574349,0.8167928116470378,-0.011996947862676176,-0.48161486315348556
0.3185453962180037,0.7842717129862,0.028675782960068324,-0.5316243130535263
0.42415251342390553,-0.1278293984497745,0.2490306028876848,0.861242154723948
0.4331183042291928,-0.12980301449245113,0.2678636887438723,0.8507695082822533
0.4310188349527329,-0.15601487808287104,0.2885874129856788,0.8405946863970822
0.4197094103455914,-0.1461609543440154,0.2898450822741795,0.8476265773169674
0.7474700819234689,0.5576067040817744,-0.3071561894171715,-0.18978491904022843
0.742657972536543,0.5620453581494611,-0.31584828809368454,-0.181118773512975
0.7581106826992997,0.5301166313228998,-0.3145018558998929,-0.21291578759590787
0.7591142446955602,0.540931588135846,-0.3010489280660688,-0.20126629963158704
0.752612187922748,0.5478562678990646,-0.2914761508832619,-0.22015916465166913
0.7537847478322216,0.5554749648395352,-0.2876485300709816,-0.2012819925379192
0.7482467146099432,0.5708884021150182,-0.2663373043368118,-0.20803299431721903
0.29958179064205087,0.8214678103050802,0.009710790997177875,-0.48512584747309484
0.29783295618780903,0.8275037169632629,-0.022895327025398163,-0.4754039678219094
0.31239236357951583,0.8062231649589613,0.025117597623296375,-0.5017811532435164
0.3212720808084109,0.7953693153490383,0.005703630244709633,-0.5139449103710122
0.29800927821908535,0.8292812385735796,-0.011180504184190272,-0.4726077588988536
0.3233083863313879,0.8019314625215159,-0.0031763584800555563,-0.5023619486910836
0.4306480301816842,-0.12674796695693957,0.2748341558271588,0.8502607916184839
0.44146744023128975,-0.1278219157965653,0.29116038947343864,0.8390433151270583
0.5265233360706107,0.8092467596063575,-0.04691672183350754,-0.2563038818513724
0.5525389081993615,-0.17923744616801784,0.42885690203263865,0.6918500201604335
0.7567537445703998,0.5381632435431699,-0.2964032979244269,-0.2232692955990511
0.7473582328282927,0.5608195510904325,-0.2908964779431575,-0.2057093630799613
0.7502120103397791,0.5612730555769744,-0.2611643004498787,-0.2322664521530375
0.7555545036170672,0.5540765997241864,-0.2886138794668771,-0.1970749661451956
0.7551102609659861,0.5582407786477216,-0.26793219832878196,-0.215378884613539
0.7545625058071137,0.5587155135283345,-0.27892772742959276,-0.20167231501577393
0.29995393620794136,0.819409337155377,-0.003367956262370986,-0.48845125775921866
0.2963872395880752,0.8258627973215587,-0.004428180010793758,-0.4796724251313214
0.3161718759710583,0.812365536006442,-0.010148730906907105,-0.4898924208587915
0.3205812131976119,0.8126417204968557,0.0321147285157814,-0.48560247534893747
0.29747770208407276,0.8244968342664604,-0.0011732294036535377,-0.4813632833735153
0.20666805529647575,0.577860019261939,-0.6521603127903399,0.445031503918285
0.2258308246186463,0.5572139990285122,-0.6622677445775909,0.4471179178145587
0.638607858930079,-0.1665635577903957,-0.27197069977158334,-0.7003345787512575
0.6502343255902511,-0.14919228514568728,-0.3052310682017962,-0.6795373270701103
0.5662571639368417,-0.17188625491700546,0.4030368030417384,0.6981183818341314
0.5592177789205427,-0.16625836014430412,0.40976903029224243,0.7012296166268631
0.5434041936708855,-0.15874475159991516,0.38535272117978103,0.7287079431567314
0.767199477072444,0.5438484355126464,-0.27069208189066896,-0.20581457278800955
0.7745287362346609,0.5352890578085674,-0.2468137344228532,-0.22946424958455022
0.7699039902541093,0.5406730137397351,-0.2497761997518395,-0.22919945035257402
0.7636630222870427,0.5510961706346079,-0.28261009014466004,-0.18232755154314456
0.29759305552587234,0.8161628247710351,0.01674567606551552,-0.4950113120905912
0.2969667773954054,0.8216885389062916,0.003163353130233089,-0.4864449314674839
0.3129075613351346,0.811809769875627,-0.003617021844235323,-0.4929915544375572
0.31118788880039516,0.8156157225,-0.001513477509931599,-0.48778150893671945
0.32521844447435055,0.8114733554169786,0.028963249668723122,-0.48467008056060257
0.20548049784013978,0.568551343165708,-0.6587165538942603,0.44790583476609
0.6500228545337526,-0.12097644031804045,-0.2964102422427371,-0.6891849953135728
0.6477864486840923,-0.13759186995621348,-0.2941443741329779,-0.6891446012188757
0.631843831759225,-0.15604129102654,-0.2738422537301143,-0.708120687336984
0.5552454516865731,-0.15777954571769146,0.41643236159558267,0.702418814917723
0.5350699804060687,-0.18407730539789657,0.3967376953501134,0.7227827217040951
0.5381758114490086,-0.1643555767555966,0.41180484153484187,0.7167780778239525
0.5227020527326643,-0.1672659797486424,0.39197152195688223,0.7383515301417011
0.5060703836128375,-0.13897167364480234,0.4210593769923117,0.7397895929256944
0.7773283927804758,0.5407618568859944,-0.2555565992953355,-0.1950077138759823
0.7663478181981566,0.5536351702593265,-0.26323890613928097,-0.19210517455145965
0.31998990202249183,0.8142318924417322,9.772137341533303e-05,-0.4843891807058914
0.3042414892387959,0.8099999048082974,0.010701843971340882,-0.501221249521528
0.32525054023544414,0.8170346978097455,-0.007269864299411999,-0.47603942874992805
0.31570343615933055,0.8122006843310096,0.009352186623814715,-0.49048335891728745
0.18856272728117823,0.595598029067775,-0.643219883457975,0.4426909386639567
0.19054706199499097,0.5764810769487694,-0.6528182906445265,0.4529786578692452
0.6751405960396978,-0.11682108738388505,-0.2810565096838041,-0.6719711656655858
0.6420276053354461,-0.11790859003897829,-0.29032459098797997,-0.6997211946553535
0.6383495079470047,-0.13389455829638106,-0.2754761525669065,-0.706183433910318
0.6135151480722572,-0.14045115554212517,-0.2868565574739674,-0.7222090773639879
0.5441362516273112,-0.1609403926192261,0.3833808956893209,0.728720123579007
0.5532046093278958,-0.1638721965683517,0.40153441840258824,0.7112528905026179
0.5426607156971952,-0.16295556117265492,0.3920635731244714,0.7247420143408172
0.4973752768884759,-0.18251054882790788,0.4121705835574981,0.7412308301443751
0.4982737976575904,-0.15664033184588125,0.3940012204225347,0.7562738044601626
0.513683317939126,-0.14217455881326588,0.41601506539585514,0.7367817241632602
0.19043099678716288,-0.8420347465956617,0.39203397871229356,-0.3178409673456782
0.1759410973352498,-0.8463405506216614,0.39410959725093103,-0.3121378349329031
0.18834003572056587,-0.8423476973341493,0.38107425775008963,-0.3313016719258309
0.2106156547884448,0.5540095387764501,-0.6701581986571531,0.4467689175349372
0.19248302082174415,0.5863830379204933,-0.6560323094230688,0.4344270117378803
0.17253264712647903,-0.8466310048365033,0.3819812588917387,-0.32793100673852893
0.8576740621784632,0.34723338835453066,-0.021556962988011446,0.3786284120676353
0.8413061954350043,0.3555681021546794,-0.01779000916327636,0.40676618078051735
0.6470700872660468,-0.12838026767292574,-0.2616311642169728,-0.7045338479790805
0.6193255623924311,-0.1569721812413063,-0.24284339316558953,-0.7299470312834134
0.529348564770299,-0.16473538964934126,0.377354486343152,0.7417923833589829
0.5239644448384009,-0.1915468263523652,0.3625952648509365,0.746522436211533
0.5495410788708056,-0.1856267396826486,0.37024725399141023,0.7255785877905448
0.4699696039963567,-0.20176719394376527,0.39084995633431147,0.7652809173114364
0.5188709105452053,-0.1385546919195588,0.4237166229404837,0.7294105832663643
0.1613916946711656,-0.8623992850404417,0.37983231080898383,-0.2931682276755306
0.179425240677044,-0.8525107530958497,0.3663864344067393,-0.3267919514716486
0.18069346371664496,-0.8432858105893759,0.40941219244264215,-0.29765847965077347
0.17611518951165464,-0.8570141053556857,0.37310862184655835,-0.3087073364020195
0.14157113844675143,-0.8345424384679592,0.4167932852559786,-0.3313304823290063
0.1550728353517873,-0.8605281031240044,0.37753903013242984,-0.3048082679266175
0.1672890880778664,-0.8511901777627207,0.35896565276233255,-0.34443185454782843
0.8635809740092166,0.3328948095711523,-0.011355233911864231,0.37852345469295035
0.8648723247184897,0.3322792445643385,-0.024600106627037016,0.3754746333931579
0.8527505985947366,0.33529716698489853,-0.01044325978444579,0.4003537994490551
0.8408413182593308,0.375394750656863,0.004969947966159966,0.3899230158690254
0.5031127282334169,-0.1855043232360131,0.3798171603321329,0.7537935085071453
0.5300672353453356,-0.17984048261441438,0.3484286576489909,0.7518534414068273
0.5380537861594138,-0.17551653362381792,0.33239125660764157,0.7544588273424813
0.5204433405584891,-0.15172722991990176,0.3668637096399515,0.7559951028402017
0.5380269279636463,-0.11943832938443595,0.4262194114899787,0.7173552282718743
0.6225755491601721,-0.5363621040492328,0.4277570976738946,0.37648272778096564
0.18282597443786955,-0.8547774846137786,0.36632406064634265,-0.31896206272809263
0.19540276278412996,-0.8435507122170004,0.3845130361068055,-0.31998387659137917
0.19744065391568702,-0.8723904247011266,0.35599728584316626,-0.2705883728903239
0.1557397500143059,-0.8395275608239963,0.4134488740342894,-0.3162256052918092
0.1548485036825358,-0.8415320329130149,0.40929976091214715,-0.31673251207576925
0.14336038358496664,-0.8533824867351808,0.38483831463859425,-0.32106946808779063
0.8554616550061478,0.32879921755021174,0.028900089906506297,0.39905039300307305
0.8428524139604123,0.3595095161547254,0.010303984699138543,0.40030806134103886
0.8477676816657235,0.35615833733769103,0.024900243374289362,0.39220042650139647
0.8601767309175933,0.32521432714129356,-0.006647100495280097,0.3927944106844746
0.7150141273335283,-0.181106729572514,-0.639407857054918,-0.21705469945029743
0.7073754258358096,-0.2071235938685754,-0.6275426440995622,-0.25081876648907836
0.6953447749987798,-0.19622442671796286,-0.6333970327497811,-0.2771277993000268
0.6605867060986907,-0.20078460235555634,-0.666257776224081,-0.28180014691895666
0.6518924776326814,-0.519220639851836,0.42524526488964404,0.35300508416552673
0.6491759902369891,-0.5237921758923957,0.4185195559538931,0.3592404089991696
0.6318388475242841,-0.5346671612107285,0.41064383872551924,0.38246873754441046
0.17986676863261206,-0.8427324115579717,0.38370882278049684,-0.3319903121655106
0.1628471047332155,-0.8695318818868261,0.37352636330301126,-0.2790576692728422
0.15362202577800999,-0.8445222004916242,0.41363152013177834,-0.30346579976353144
0.15770582596714572,-0.8339848705051409,0.41387975112515757,-0.3290921752839491
0.049181637757923,-0.3799113790605022,-0.0708381901962537,0.9209942786888067
0.019954423085377825,-0.37167068910744705,-0.10645355934211312,0.9220251404170715
0.8525649341396161,0.35227476328645463,0.04332406912658575,0.3836124988335228
0.7028957638151128,-0.18387962263415364,-0.6471702373468868,-0.23086037659820444
0.6939763860319134,-0.19023468414010467,-0.6481717582856646,-0.24916041487577706
0.6858902418588517,-0.19907531862784947,-0.6486998750613693,-0.26289173766284485
0.6872467285263852,-0.20932109904081353,-0.6494609371054955,-0.2491527700030218
0.6885227495640937,-0.20481684864332125,-0.6518423495750337,-0.24308030184492274
0.6334340178731015,-0.5493916476007082,0.4247942430796446,0.34129168403890314
0.6561110672088195,-0.5146723721313696,0.4319985153490169,0.343522778847369
0.6559793705308969,-0.5183787229184474,0.4354646955860778,0.3336840780760336
0.648052939542919,-0.5234545259165028,0.4349599647837453,0.3418078054735355
0.645436959202375,-0.5225739969879001,0.43866763832006694,0.34336314953468305
0.18998202994294675,-0.8663642678289151,0.3420977154993188,-0.31030458710462594
0.15550284747050672,-0.8585485851268042,0.3963390051187395,-0.28570716551534864
0.16237084028376114,-0.8278657534249583,0.42447585258319326,-0.32877690780443036
0.05844839857004935,-0.3621556942001659,-0.04711095334361073,0.9290896597950322
0.05524373534860688,-0.3672932267717262,-0.08481074060960675,0.9245815018426425
0.6182164273619374,-0.7040345225012815,-0.22930107992486176,-0.26375150200809694
0.6153012001358438,-0.7066514720897392,-0.23508717603437881,-0.2584224250504896
0.6824930174370599,-0.21251998619775422,-0.6600982373359596,-0.23088710159323014
0.6749276010323465,-0.18909318751715748,-0.6762818595006421,-0.22662600536936767
0.6850335017369993,-0.20659736732194425,-0.6608657429756201,-0.22650187432970165
0.6822559656153454,-0.19592091044743035,-0.6654678917493583,-0.23085553769053693
0.6288743457360364,-0.5389764918140109,0.4200053845046328,0.3709674858178936
0.6393574874921372,-0.524046194333102,0.42875481977410385,0.36437191702052224
0.6482521018620583,-0.5182804269698026,0.42164949975336014,0.36519352514682407
0.648256539336831,-0.5255315947040705,0.42299057498674586,0.35307077993968083
0.6463688190001604,-0.5311499516679811,0.41636335401285773,0.35598965729723536
0.647973022098384,-0.5138074818961985,0.44622329274203326,0.34207836411359394
0.15875167718303496,-0.8434592434688546,0.39418494724391506,-0.32862233181089956
0.054775552168187774,-0.3618120574347777,-0.07547628720195604,0.9275747970108347
0.058144439744165693,-0.3812058521149981,-0.050974952345765115,0.9212507132553344
0.038001186715302386,-0.3896397068089326,-0.06726303665281078,0.9177213589027557
0.6131224530654303,-0.7011887693456921,-0.24465392936347158,-0.26936893313356786
0.611786846523902,-0.7052329975386467,-0.24193264102956902,-0.26425720578151235
0.6054381560042271,-0.7137201276788266,-0.2582120611380081,-0.2395302696595618
0.6056676754602542,-0.7141179045772926,-0.24502649552434771,-0.25132509177510653
0.6790585949170338,-0.19138167473401962,-0.6740877117462538,-0.2187652534521998
0.6854201572775589,-0.17409772596005002,-0.673975459460039,-0.21364987680496175
0.4109254758429248,-0.4547238081844802,-0.507837613402933,0.6053655672291604
0.631969704010924,-0.518075834642657,0.43654871221354397,0.37634684087468556
0.6480770932303099,-0.5220973385774778,0.41909292965409395,0.36300353523680134
0.6495114393887719,-0.5037636743675258,0.4366707059639967,0.365616937577788
0.6398564499116232,-0.5208853783722179,0.4332061994522493,0.3627596102940124
0.6412211737923685,-0.49791072824330584,0.448689985405457,0.3736276354572942
0.6491737268995947,-0.5134217992674931,0.42003404978586484,0.372213548061736
0.05439903916724834,-0.377694125602562,-0.06441796365324061,0.9220836285184584
0.05370122673276198,-0.38170696364859796,-0.05825253726193647,0.9208814332215148
0.6065531438367946,0.3765804580202252,0.5098496633356203,-0.47993099830656166
0.5963517443074227,0.3675557918049124,0.5210462612621732,-0.4876249897173744
0.6240211183734309,-0.6978570613380413,-0.2549978664982425,-0.24201085481017268
0.621108549411199,-0.6964251104096046,-0.25810246369902484,-0.2501986284370482
0.6048139678767335,-0.7087286979938067,-0.2629136116787822,-0.25055963301223094
0.5979568893999475,-0.7155625310866485,-0.27316645889326974,-0.23621580865750708
0.36247436445689546,-0.46543671040253126,-0.5196707846361828,0.6179994169227462
0.40151042278301013,-0.46307027888668445,-0.5125816957911967,0.6013445787136007
0.44741204912518184,-0.4542667760849016,-0.48387888928240425,0.599437548832122
0.4420050057654926,-0.4443606188070036,-0.4892012280906686,0.6065124679396834
0.6540553432615495,-0.5053427535383105,0.4413305147093218,0.34938186298624624
0.6510201475924517,-0.5014646924444107,0.4363589895118737,0.36646522608906795
0.6576941985041997,-0.49244934411686636,0.43758191809983293,0.3653136319450148
0.6382281199461007,-0.5091089123241697,0.437058270477112,0.3774295305215565
0.04566969620022318,-0.38072880591239944,-0.06374958831288881,0.9213554391153477
0.0816506724869734,-0.402404180329736,-0.08020105412510692,0.9082796013633687
0.5957366245934598,0.40362681155850927,0.5137786725714018,-0.4671346130612367
0.6111254563140281,0.3844753090525052,0.526107844936856,-0.44934947298272043
0.6211499070907073,0.36884585635408623,0.5173499663336995,-0.4587750423749605
0.6198589812360006,-0.6940183079110445,-0.27705162174070685,-0.23949077342603942
0.6221051522871792,-0.6914185319571416,-0.28664488656383824,-0.22969610830569373
0.6186446596315671,-0.6876660214576464,-0.27577488778710957,-0.2614238690478767
0.38901078104442277,-0.46920393647266856,-0.529806164025427,0.589765806732149
0.3958103356942293,-0.47066151069900547,-0.5058435236793118,0.6049249953968253
0.4201765723915245,-0.45672300558100304,-0.49064302495317547,0.611657719849233
0.45510527528849953,-0.4517463796585434,-0.47505575298652,0.6025997248791181
0.4290152668297315,-0.44129149053970484,-0.49787868937879237,0.6110028902277926
0.4485597197716798,-0.4337922955750668,-0.4819252601632999,0.6151150020236882
0.6587757652422557,-0.5023183861770992,0.4283721442309214,0.3608157924549837
0.6601226797640067,-0.4885088433882813,0.435014349647175,0.36926910674151403
0.06110381872353514,-0.3944872725673129,-0.08791387735657753,0.912643010868947
0.4629061699351284,-0.0926651026351012,0.22548705088973595,0.8522245282029061
0.44454451344304974,-0.13328098576435415,0.21636583910604418,0.8589541187218918
0.6000917017445799,0.4063900617357384,0.5253615997064919,-0.44579396224439033
0.6206739064436502,0.39434108729364786,0.5393796741436984,-0.4102786563455142
0.6337556812919024,0.3852098732688706,0.541548430959428,-0.39584389207337684
0.6395700371269086,-0.6752683914645465,-0.26823753000932776,-0.2510207055062664
0.7371013915804545,0.5851552308189153,-0.2718900977972484,-0.20087475972660737
0.7409842318642867,0.5777182827315274,-0.2856577118017066,-0.18863622561544519
0.40647315379390353,-0.4627775804811735,-0.5092419156308197,0.6010733379659107
0.41820426000619976,-0.4515116721038303,-0.5037170435179346,0.6062273063267783
0.4316042342710727,-0.45069208889749285,-0.5004515043550675,0.6001189196761301
0.43068680793401526,-0.4406580451166377,-0.49994698586252595,0.6085904797748378
0.44662457486779067,-0.4595959166787314,-0.49373250805856744,0.5878148458337867
0.43995951630427477,-0.45430107239448364,-0.5137949544504854,0.5797076025167811
0.2901342163737942,0.8051088790834323,0.04571379888741117,-0.5152980476398732
0.45367473415391796,-0.10257690667712487,0.23277650170429287,0.8540915138679436
0.4309400952105829,-0.12926860180898023,0.2398032393934835,0.860275926260079
0.4634201659349563,-0.1413490917872862,0.22956590062215004,0.8441336868809751
0.44214510759664954,-0.1364310554540524,0.22432081943124638,0.857656365280253
0.45920890772765444,0.858202985771621,-0.08390966945903622,-0.21348063529867242
0.4613704049815351,0.8515179222606982,-0.053432272737622036,-0.24330961696178466
0.7231468814840514,0.594623899934416,-0.27781743316458823,-0.21517081413731884
0.7391431131784275,0.5774978529151401,-0.28189709164268584,-0.2017367538221548
0.7579570027288515,0.5540680748539498,-0.28263995261822805,-0.19653093300012497
0.7614038148656316,0.5530890189677967,-0.2811689672120511,-0.18788501718394685
0.41151683192797966,-0.45470907998235244,-0.5043979601767646,0.607845578573276
0.42848117744429726,-0.4362105800635615,-0.4905836042945009,0.6208477571949316
0.439826429752765,-0.4493146909450826,-0.4872176411430244,0.6060428948109929
0.42053084549714,-0.4417958319603839,-0.5082947475988162,0.607952876801606
0.3032922881043579,0.8048732249160508,-0.008110850681385527,-0.5100265619464184
0.3106481666919726,0.8043878205506492,0.020009837280360432,-0.5060213010266531
0.30860666649083557,0.8101096689557007,0.04799606487027117,-0.49616592730544085
0.4329092991875395,-0.1383359269962682,0.25512022481001934,0.853443835804045
0.44849509162120266,-0.13191294783964577,0.24371293704492725,0.8497382722349743
0.475480772767173,0.8418827736760865,-0.10564064547199038,-0.23236067683765382
0.4643417014746303,0.8506180812785789,-0.09597722115963989,-0.2272092363705049
0.47970612498427606,0.8386609456262006,-0.08804964922752839,-0.24243991256566283
0.7465552323936575,0.5567088836816542,-0.30137396110885517,-0.20470525000873022
0.742458294270525,0.5596117939312322,-0.3057939904157354,-0.2051349721222391
0.7537318037640417,0.5553496501619565,-0.2877241805969159,-0.20171745080540288
0.7547534902078549,0.5508752847999684,-0.28090010701359686,-0.21904045173292835
0.7613153434806481,0.5511376866374688,-0.27790423287164256,-0.19853321007042177
0.7523122224525709,0.5543207380427584,-0.2915811911851043,-0.20429206609969186
0.41978486572146984,-0.45288101159118027,-0.5029134162891972,0.6047789278469328
0.31196090887460803,0.8091648724084721,0.0023767013217944706,-0.4979226364458003
0.3154540302112885,0.7916450468801597,0.010930946824907741,-0.5231322863053632
0.30811743206888875,0.8110240713835882,-0.012126190921752843,-0.49714842772092854
0.31768624822583136,0.8085129228878498,0.02974843703018904,-0.49446671445690077
0.18020875441669293,0.5969959823751627,-0.645579740756142,0.44084850026367467
0.4788092706956483,0.8463297378760136,-0.07184799031842794,-0.22204847076668335
0.4866823050482867,0.8393365871669782,-0.07196755120036491,-0.2312468355891576
0.4722755196115323,0.8442933271188904,-0.07089484358683867,-0.2431018973824953
0.48532445693810305,0.8359957662198156,-0.08041255423221312,-0.2431153460440749
0.752505301555534,0.546765453414568,-0.2983721985331331,-0.2139096566910467
0.7512958192793996,0.5377946335563017,-0.3111046361212704,-0.22258802626195007
0.7513052399637249,0.5499333475395435,-0.2913609579073627,-0.2195963157120482
0.7553605591881386,0.547310368248421,-0.2861026015866821,-0.21915083343691108
0.7582623958548204,0.549272431953465,-0.2743166334042833,-0.2192904903687666
0.7543370360292844,0.5617555485301526,-0.2565803709281796,-0.22264961941242864
0.2943167632611847,0.8239319472822273,-0.00032795022030980244,-0.48426612679375985
0.3114990773311062,0.8124790100699185,-0.007603942311772863,-0.4927355914473746
0.32630686593710434,0.799312282390823,0.023201825438601484,-0.5040688244255884
0.2775054035654002,0.8362657312288861,-0.007856532876843752,-0.4728516180107412
0.32245769157806675,0.8055765775577203,0.017854818145669003,-0.4967379795239337
0.19418267264710015,0.599172421815822,-0.639460939607043,0.44088003503886375
0.18220996723628544,0.5919179390946161,-0.6503543705243665,0.43985437812711303
0.4730804478059211,0.8390447597596615,-0.07324741666307434,-0.2585219467971472
0.4851022151035762,0.835551521518005,-0.0755769550356901,-0.2466122861053028
0.507521991820023,0.8260420618731463,-0.08031604032649502,-0.2315713140733771
0.7532993568893617,0.5302811885356069,-0.3332053865733739,-0.20078872068377457
0.7535255462784375,0.5510195810882373,-0.2923727760646061,-0.20759294828919825
0.7512619780788233,0.5554321757225448,-0.2837418117016025,-0.21584976895402563
0.7587209502792869,0.5383280108045733,-0.2813215589504054,-0.2353798055488209
0.747244161658026,0.5595950671446422,-0.2689835358185581,-0.23691218025657504
0.7546367107746669,0.5589042122839749,-0.2610301394789184,-0.2236353785205684
0.307332539793044,0.7969581214869337,0.0011460041876971538,-0.5200030281207763
0.3024825748265509,0.8184896908236121,-0.010639254533312752,-0.48832952419932935
0.3111870684452093,0.8141103290941765,0.004302451362153238,-0.4902738718378992
0.2954098086910828,0.8246776459601906,-0.0050338941567437175,-0.4823012389495546
0.18978324827687512,0.5911242381734741,-0.6496639978380807,0.4387381264836123
0.19234951770899567,0.5970680850362536,-0.6430556216717229,0.4393072185892827
0.19612781499262488,0.582392903579465,-0.6539402974928675,0.44126462962879637
0.6409736505570921,-0.11727478573416832,-0.3065905693006178,-0.6938311226360798
0.6233229724817401,-0.11621547562782007,-0.3194710971154711,-0.7042021395231378
0.6233603491658503,-0.11656643801781824,-0.32701129305025317,-0.7006409600025314
0.5522067715370306,-0.19760732852259483,0.427410488144263,0.687996584153654
0.5418996276836149,-0.1830263303007867,0.4044273842465239,0.7136418196858291
0.7638866747424129,0.5382679981317323,-0.27688901102551666,-0.22377932413774923
0.7658066065973027,0.5400796277378077,-0.2692825618192761,-0.22212865392506878
0.7569545799661764,0.5599725941207079,-0.24807508670884654,-0.2278359257368181
0.7663892116046632,0.5523272444964544,-0.25182652970339037,-0.21015610926281464
0.2932043463266189,0.8134274823924572,-0.006207810132446661,-0.5023230089068272
0.3066214970513986,0.8080493078906738,0.00046807086704260585,-0.5030301725274795
0.3012316361734428,0.8157915565333421,-0.0021161868105669447,-0.49369946263952974
0.31175333020202073,0.8183473920991812,-0.00761578253052888,-0.4827622673830947
0.19555355378245623,0.5927225773712547,-0.6467929317882896,0.4382894674369192
0.20232017868988814,0.5836958518639458,-0.6523487731775744,0.4390976838306349
0.20739556465203873,0.586672832625495,-0.643549285790165,0.44569763739648494
0.6625563004857343,-0.13132662669619136,-0.2814236446225064,-0.6815960666367155
0.6181422578734984,-0.1165540038149242,-0.30135593898722496,-0.7165890811775547
0.6092796270386472,-0.13788908921922116,-0.30074896743359925,-0.7206351321838012
0.5360141197644214,-0.1682920526803034,0.3998183752393348,0.7242319485073834
0.5417162988307287,-0.17711625931005187,0.41273342409534697,0.7105099597498135
0.548219652166949,-0.1440002619252742,0.40018661710559955,0.7201179132843303
0.5270998453725135,-0.1496206017014269,0.40335472813172757,0.732860417711692
0.7714534871597315,0.5503704856289507,-0.24528717569433015,-0.20441635731404142
0.7734070855393044,0.5499952020516077,-0.24844235608696577,-0.193966887534362
0.3018987763534711,0.813779879439037,0.012254800707071687,-0.4964567015522033
0.312317530761827,0.8183117017841044,-0.016109847813861763,-0.4822490969462282
0.30269073630323295,0.8187361963206977,-0.004509050050785269,-0.4878821860430674
0.20908911214916023,0.552698377715884,-0.6745156362574388,0.44253237496835013
0.19412663135252145,0.5935591641713925,-0.6397521756567907,0.4480173248550588
0.17699762002168895,0.5955265250744826,-0.6477833728315808,0.4409044140426708
0.8506113449607767,0.35197806755686106,-0.02273342781772749,0.38994226629414325
0.8514847793671253,0.3492621477618232,-0.04692905098483263,0.3883133873826389
0.626667619522131,-0.09781995300236261,-0.29636628065560106,-0.7140630078133489
0.6287828727199622,-0.09882702316247473,-0.2894735466585506,-0.7148918689227032
0.5540076509863734,-0.16018124145592302,0.39670531918607144,0.7141725157576966
0.5528213518435632,-0.15678815075450506,0.4108288161939713,0.7078316978728051
0.50132993340366,-0.17432696029128567,0.40697457963348743,0.7434043989116749
0.5173443421197652,-0.18540616711570895,0.38985889060146994,0.7389109758902762
0.02031544711021339,0.10189784982772293,-0.6695313867712005,-0.7354806815528414
0.06279946895826685,0.09712447298213071,-0.6499984431061064,-0.7510826102408048
0.3561801685548714,-0.34354076530251504,-0.49003859430897306,-0.7176194020448943
0.19188598146867497,0.5910041781635773,-0.6475708459429853,0.4410734984032531
0.20847816666279775,0.5896978128673487,-0.6408791191059547,0.44504752355041777
0.21682874292741253,0.5341176145280279,-0.6891096572045381,0.43912589361007986
0.19617583568844682,0.5754075304004826,-0.6665355321697087,0.43145289407489257
0.867999646618308,0.32497832651529335,-0.02743096209814036,0.374450588307967
0.8598943905880414,0.344156445719108,-0.015561708916100597,0.3766906039720426
0.8574871996413144,0.3470943538775179,-0.022760429098783945,0.3791083945587126
0.8501521162690224,0.3613343222150505,-0.030017489620275516,0.3818086393857391
0.8625772432810891,0.3293903642923896,-0.05175894110539787,0.3805042697534046
0.548644858565598,-0.1561564975493316,0.3631882418340057,0.7366805742220873
0.5422402999479686,-0.14910692792962998,0.3721849668704423,0.7383907716049634
0.5093923774756983,-0.1550035493188569,0.4023455082902841,0.744722362647212
0.5036110761083273,-0.14889150657074118,0.40694850462603666,0.7473955564991942
0.004012404777981328,0.08349868835351015,-0.664493775916667,-0.7426034550277499
0.05426320281409392,0.09719383284238171,-0.6682538909437296,-0.7355580200883747
0.19040655412785393,-0.8203822306366783,0.4328970962860597,-0.32143186498516724
0.1896589311676409,-0.8683896485858574,0.3564125980621466,-0.28792180882987994
0.19809320509894776,-0.8668773615004602,0.3521114195484028,-0.2920621003061428
0.16104514771807166,-0.8273748013029666,0.42179466294447027,-0.33407283768199697
0.2002510526936755,0.584311629446677,-0.6548200147720082,0.43553436585696786
0.8681865425563132,0.3394937022045572,-0.007237984133783153,0.361861527484254
0.865512122186232,0.3313453887782444,-0.0010231869636214237,0.37563007437173696
0.8624671563591875,0.34308594428316297,-0.02878362464004246,0.37096353188636827
0.8542791340173012,0.3442657881511769,-0.010020241070959397,0.3893428091800067
0.8472807207688261,0.36993692651183296,-0.030214485610922995,0.3799330670995941
0.8462409354243241,0.35705323544174583,-0.07276793974368363,0.3887082366225417
0.5241662088188794,-0.14406649914738448,0.3573283814992366,0.7594807812782334
0.5095595109825345,-0.16231511821893174,0.3793730580095801,0.7550357541343816
0.5208021240313719,-0.12585580036155383,0.3918522296930123,0.7479152994854291
0.04539237035849682,0.10034067558766027,-0.6586649720781798,-0.7443330814179226
0.027426722316954626,0.1031648063154893,-0.6586554025260408,-0.7448341146618457
0.1788230536792861,-0.834571055579375,0.41223834730541226,-0.31870521437975446
0.20441464924348263,-0.8695941298350248,0.34384958497200097,-0.2894618514514701
0.1934980674940812,-0.8634738612518262,0.37038506725666726,-0.2824646717099188
0.15621279218484652,-0.8454807110398459,0.4077606101303382,-0.3073942348898314
0.1802996438001794,-0.8469242436693967,0.3811703731130246,-0.3239143568775959
0.8708933568947709,0.31414607523978566,0.005288124139868122,0.37792729468917374
0.8594786065045043,0.3223603195768453,0.017526615163701555,0.3963245728999065
0.8659101572289082,0.329787165351503,0.0024956652271949267,0.37607684963621696
0.8646982181718424,0.32810298500752366,-0.03605062414127841,0.37861032106721265
0.862026772562811,0.3378996687635078,-0.019818351427744848,0.3772809167995937
0.8567056313804774,0.3371864826408635,-0.0638709417628576,0.38507303188302616
0.8616797360635866,0.3406637391659793,-0.022085827556669456,0.3754576747064555
0.5054580705887612,-0.19470634401261072,0.3547488282265157,0.7620727310105276
0.5010672577261093,-0.20812484467159048,0.3850996380421081,0.7465346080692447
0.6519684620565935,-0.4938539143303372,0.454864303554591,0.3523406038706878
0.6439034164463131,-0.51614931460122,0.4376336538342119,0.35700848779430133
0.658808193255528,-0.4906632693303389,0.434352252035103,0.36953949962282034
0.20462055391165773,-0.8574193642572135,0.3540087496779065,-0.3124744275378828
0.16715020749198098,-0.873024237703308,0.35919901953877575,-0.28436869180753377
0.17698791406555137,-0.8453442289906429,0.40313195786974443,-0.30257732454869657
0.17140886121807802,-0.8520230759538643,0.3743308914793997,-0.32334511597096266
0.17859559390455523,-0.8533368316952347,0.3741822946606863,-0.3160814386715572
0.8615372876593115,0.3478364644780665,0.025079759562987174,0.3689638215493473
0.8594410366114132,0.34432763813906825,0.025442447169040094,0.37703085296023336
0.8651955872562688,0.3196738504393109,0.0066595423702191766,0.3862652917788559
0.8525556080235228,0.3546933039467684,-0.009938022729890876,0.3837223358982207
0.6749793469236648,-0.14921205272871954,-0.6732799492111474,-0.26235997129367833
0.6578010541575472,-0.16037707144911462,-0.6869166091411372,-0.26405026072448334
0.6428688978475019,-0.20485645730581306,-0.6990312530892157,-0.2368727913563965
0.6572098538151673,-0.5139049283817332,0.4491082390448199,0.31981044738293474
0.659208728939669,-0.5066809275684042,0.44896213172092786,0.32733972201486333
0.6563709398401169,-0.49860632773954566,0.4535063793858594,0.33897032779848996
0.6662895490288739,-0.50421962922606,0.4333295236941905,0.3377074566144498
0.6546970078544072,-0.5161122339694033,0.43050016057178025,0.3459329437929695
0.17985210805760588,-0.8523513043764173,0.3865630643251916,-0.3028522254410113
0.2028730928388663,-0.8406326587799854,0.4008979935824592,-0.30242361008367713
0.15767565534688846,-0.8549113651909936,0.38955421321436556,-0.3041586105063237
0.0405824678593453,-0.3810565244083714,-0.08708549035974497,0.9195461412441794
0.5857839950334701,0.40233080095851004,0.5167086414383134,-0.4774926362004798
0.600333040026196,0.3574375262229458,0.546227683123006,-0.4620324383531957
0.6093757933717495,0.37954380006729677,0.5017855567999004,-0.4825131099462902
0.6266248133742768,0.38602900719683636,0.47282494321858676,-0.48451988807129276
0.6603505560021402,-0.17397334366148054,-0.6909519880443575,-0.2371829865324631
0.6662002219154053,-0.17658116795086076,-0.6832824687089296,-0.2410838513878634
0.6680142493179448,-0.18560860096429918,-0.6737742496965985,-0.2556064756653163
0.42169162120389136,-0.44279932510728154,-0.5016003406582928,0.6119657119009646
0.4536963700352428,-0.43908375574337905,-0.47310853560254684,0.6144374441708012
0.6481661142461903,-0.5158192823118414,0.42224790526152756,0.36812750894295243
0.6679764083628743,-0.5003389392412365,0.42181519682357727,0.35431681229977763
0.6617902306306266,-0.4949783480748206,0.43212290723761215,0.3609708002311239
0.6589490956433353,-0.5101160552581177,0.43512887188427385,0.3409260394446966
0.14831307846391062,-0.8524987363631904,0.41364859968911916,-0.2830971056562615
0.07090880933988672,-0.3824202634780416,-0.060021846853318704,0.9193062932122795
0.5679838473446538,0.38840479244348053,0.5374822394194506,-0.48749247037380394
0.5806658069579863,0.386237982896503,0.5348723981251073,-0.4770314024482749
0.5870953771824174,0.38864692675268553,0.5210322516425895,-0.4824914270378088
0.5883843825246444,0.3655722707034188,0.5492013135802485,-0.46748117657887445
0.6048597604941273,0.3508383279051515,0.5280995179380039,-0.48183818545373963
0.6161531648054249,0.34332085112096367,0.5040578577442378,-0.4984092161388328
0.6524612418183915,-0.16717914346491444,-0.7051436011850875,-0.22162572870239222
0.40604400603748153,-0.44276942672290237,-0.5124878131558173,0.613546853375742
0.41978744729639245,-0.44524584370042414,-0.49204018789700066,0.6192181289773099
0.4539921356841088,-0.44928713256001473,-0.48831570811234576,0.5946259180894488
0.4445221557023072,-0.4520823896993849,-0.4898657973879166,0.5983753559121298
0.6701651518587042,-0.4955354949172379,0.4290932608654563,0.3481410863302087
0.6605979175887918,-0.494070417660383,0.43641258833129154,0.3592337211568943
0.6577754045992016,-0.47915613692674064,0.45550923251182535,0.36090476949783745
0.6472904449023742,-0.5104945154329572,0.4338251174726569,0.3636017011797283
0.05907294424337028,-0.36500916003249756,-0.09014124896441014,0.924744967861911
0.5772698187237856,0.3578924153181867,0.5592437465615172,-0.4753093806986772
0.5688160672151795,0.39169041390551007,0.5438866582816214,-0.4766699112337986
0.5839135818454825,0.3684919512377803,0.5431237523033379,-0.4777815405531015
0.5873794154191273,0.3718222462933385,0.5365562722554592,-0.4783732916944526
0.6114612699545267,0.3591100850405567,0.5361288693668881,-0.45795294255976127
0.62080814884903,0.3619737564939226,0.5248481345291872,-0.45618710811853425
0.6417471802325996,0.33883213138732077,0.5090420761759606,-0.4628493362699144
0.4022822010793576,-0.43501557866345286,-0.5139158494498759,0.6203394044384583
0.4147161832765857,-0.4534069869832632,-0.5095918695962681,0.6022862425164969
0.4404785636552513,-0.4512213895731858,-0.49454709036649197,0.5981647498489749
0.4453667257073781,-0.45592382976486134,-0.48455070681513085,0.5991598731642399
0.44303806896906006,-0.43050173564881916,-0.4926737205542261,0.6129095611285378
0.44845433615530955,-0.43922366504693416,-0.48468442436518616,0.6091406153131044
0.66624208911081,-0.48686549830584175,0.43508437594503563,0.360256923688063
0.667444662507984,-0.48694717179065544,0.43522576819831593,0.3577409748279771
0.5587762605890068,0.36170387001541776,0.5719795411202013,-0.4793524857116737
0.5462699249184206,0.381607945383352,0.5855334563046539,-0.4616439284750162
0.5590141229560923,0.39261470384717395,0.5639030855666237,-0.4640799658971154
0.5859583289300752,0.3956240836716606,0.5520534758840883,-0.4420083494016028
0.5741363178503531,0.3710559772061994,0.5794769704734356,-0.44372445390773746
0.5911197520623793,0.3717051345686339,0.5551229827260058,-0.451941595459422
0.6111282337012068,0.34609052333695445,0.5601038249934718,-0.4393487644881665
0.6377107199635315,0.36876953613891555,0.5323174790166516,-0.4170997103725202
0.41078101549777135,-0.4566085456465398,-0.5261023663518,0.5882039556720167
0.41406979511690256,-0.447231835384337,-0.5202780611894059,0.5981978178124663
0.435172649270934,-0.43963241284402016,-0.5016470650381162,0.6047299637376221
0.44895517925137934,-0.4447717551192608,-0.48641019898051036,0.6033427311232269
0.45368993680708125,-0.43490824853979604,-0.48935520985382136,0.6046087455379356
0.4454017660498082,-0.4289524104490116,-0.4906265903150292,0.6139239735061202
0.4423596968620881,-0.41609296073860297,-0.4950414335520504,0.6213843622771625
0.4574003492333813,-0.4137460174483094,-0.4987149854220421,0.6090012453865233
0.5488353881259515,0.3646247382846422,0.5876098197183509,-0.4696202899599416
0.5831611479588894,0.40112048311007154,0.5602417129784221,-0.4302960104158723
0.6012978075756431,0.3875910324995713,0.5515631674931961,-0.4289431318898974
0.6095821151049607,0.4073322478148423,0.522553333358561,-0.4352333840942431
0.5969713255323327,0.4013048427234463,0.5382676839890438,-0.439144122210409
0.608865376669098,0.39418864526363784,0.5542127607870017,-0.4083460307382271
0.6066604930115339,0.37849935022691045,0.5563445571525231,-0.42329897451278115
0.7336931136640871,0.5801474686831269,-0.25959982180161795,-0.24027330701312988
0.41051876074575505,-0.4529088990167058,-0.5163097433136534,0.5998100742957178
0.41840988274708374,-0.4622527475479142,-0.5102615276761403,0.5923586251398618
0.43510037299977217,-0.42944197922125366,-0.4988736681484123,0.6143226474143204
0.43666595411303577,-0.44483050602372737,-0.5004706179448597,0.6008143024288929
0.4524004902891937,-0.43002315725593887,-0.4905045549052528,0.6081275871286642
0.4544498746780134,-0.43779856373038084,-0.501805100957556,0.5916074455698904
0.4579691546312441,-0.43049218350261037,-0.5062955217957229,0.5904283004388384
0.46531332773276324,-0.42746398489725757,-0.504159049932888,0.5887118998464249
0.5665284475325391,0.3912436706678679,0.5632991676113875,-0.4568018783532113
0.45269885611434985,0.8641821331007872,-0.08639209533750387,-0.20196383925180342
0.442723822445619,0.8669951778900106,-0.08694232998238619,-0.2115561623112004
0.4627637616824895,0.8557546349830468,-0.0765917456874065,-0.2183286744132802
0.47587543805809884,0.845530439070512,-0.07704421117541611,-0.2295322059812037
0.4756113919451384,0.8466872415975064,-0.06713190671014305,-0.22892755594177466
0.7237633467461028,0.5929818713347503,-0.279226325669877,-0.21580495181556442
0.747456365184983,0.5639744855630063,-0.27822252674780173,-0.21408873718265642
0.75408758104683,0.5559103672314101,-0.2799417878400758,-0.20963821010608105
0.42202713244679957,-0.43800911157309186,-0.49402136316039136,0.6212761144602543
0.43832640309124293,-0.4333538662840809,-0.49569095743032443,0.6118536309049254
0.43607816418846157,-0.43590169618941593,-0.4866051541851584,0.6189030375572976
0.42131898892201575,-0.42909463645074836,-0.49733382885729754,0.6253216494069839
0.43383485869542293,-0.437192163590867,-0.4927707668645518,0.6146765806496782
0.28588149034173377,0.8279912407813972,-0.0035093500644985468,-0.4823794804211685
0.29127119286882974,0.8164151296819292,0.01069065713792626,-0.49851092072407716
0.29752522569886647,0.8321951687423937,0.015827997580185275,-0.4676317094544158
0.17696157228147105,0.5839229624848965,-0.6521302258076778,0.4499386007074289
0.45811260442717655,0.8511332629616258,-0.11760527786071412,-0.22775866386275945
0.4743656191112291,0.8482610334916355,-0.10395431881609127,-0.21124388290410984
0.4668588485261929,0.8495488793189823,-0.08543594840110214,-0.23023947515893722
0.47889387895518953,0.8423292614658175,-0.06967438516921373,-0.2372499695026213
0.469697158773686,0.8455620238986667,-0.09110121413337155,-0.2368755191313427
0.7588247395778327,0.5489486458782287,-0.2747231929198824,-0.21764091082560444
0.7592414031609878,0.5489338175543245,-0.27273016742296885,-0.21872908231145086
0.7625921801957914,0.5408905953542427,-0.27650281987945824,-0.22234370051852292
0.7494286580612346,0.5586776187781393,-0.2777981517958892,-0.22150438282732324
0.4400631797925044,-0.43233072460809624,-0.49918567335674263,0.6084802427902849
0.44834058536969573,-0.4448450799077979,-0.492521368777866,0.5987706369632373
0.29641590980560256,0.821544143158352,-0.0014729052798377767,-0.4870325038499616
0.28047244721712394,0.8299933823723233,-0.0071210544937837334,-0.48207414590816283
0.2912051833431611,0.8224555170088622,0.007597721906583,-0.48857828273224707
0.17117670911243782,0.6012202666768148,-0.6482950914411869,0.43467942165204765
0.18558682370324264,0.5654628514846552,-0.6606559449607534,0.45754018058155116
0.47453324937246716,0.8455770211954096,-0.0808931187549847,-0.2308116110692826
0.45854579158790865,0.8534513441185615,-0.09182854918596918,-0.23005233707493433
0.4655565056888398,0.8491229734301895,-0.0883487938531315,-0.23332768080227423
0.4681053939298857,0.8505870826063364,-0.10023900116720343,-0.21755711370118314
0.46964279734404124,0.8469995938421129,-0.07859358044649041,-0.236326850033509
0.7461100212177284,0.5528832345148748,-0.31154916149999057,-0.2014375466478475
0.753509412905236,0.5499098993763125,-0.2858430374708756,-0.21935456494124783
0.7465464875629605,0.5574518241348563,-0.2842133782667489,-0.22613836757686603
0.754912911131171,0.5562051764874498,-0.2693735619076475,-0.21949984601637548
0.7405819307619552,0.5634585533897241,-0.2942850801920036,-0.21782826725941695
0.2998087174519526,0.8111940455760103,-0.016461766101458195,-0.5018047066525603
0.30933451922335986,0.8162945228523939,0.021098275566818866,-0.48737077256042155
0.28117995126091644,0.8255362604319306,-0.019282814628847678,-0.48893342162401
0.18540558003486152,0.5727527397498695,-0.6630237440110086,0.44494784512185187
0.19547529292186977,0.5889166459401975,-0.6483432160804227,0.4411549253427324
0.20324456515474804,0.5728005685365993,-0.6590004986901756,0.4430682770694668
0.483375564690682,0.8408973199498974,-0.07164931138106369,-0.23260725900036683
0.4726271076837754,0.8476960661101952,-0.11086106193278021,-0.2138803907115023
0.4797354685152345,0.8422929513242668,-0.11487320128976122,-0.21725701835238093
0.47334356712744413,0.8431655426135652,-0.11209291420931612,-0.22902601116969637
0.49050195953775794,0.8342175732985586,-0.09488279126744763,-0.2334226296030052
0.7451599244476528,0.5561988040887899,-0.3157379966549583,-0.18891557584191465
0.7607663437980393,0.5443997686317928,-0.2781147273412774,-0.21798087185278686
0.7472565222071099,0.5538034462766716,-0.2924695303382379,-0.22219587470236118
0.7546222655244288,0.5521956829796196,-0.2710631041342903,-0.22836365220965693
0.7501524994862585,0.565284247314437,-0.2745812070327135,-0.20574282003785094
0.2785554161474283,0.8252580015595506,-0.0033591496962463267,-0.4912685895823058
0.3017228973817777,0.8181445155808177,-0.011353740885262902,-0.48936074361199516
0.31570726317822817,0.8104533625761166,-0.010674151371290795,-0.4933359236444085
0.20227723518390375,0.5677787037040577,-0.6609905365484767,0.4469930361200862
0.20490602747677722,0.5835682822457752,-0.652039080044102,0.43852778470199905
0.19787629413656155,0.5828620551572407,-0.6530530830981065,0.4411784984932024
0.1892738016901938,0.599608550375381,-0.6465753945241122,0.43195517534399847
0.4680678939479882,0.8513664414849712,-0.11169486568098302,-0.20883458992422502
0.46529380454172464,0.8500294943429468,-0.10394793778520625,-0.22393383047758644
0.4765610852592457,0.8412450564580684,-0.10082994146967883,-0.23458390802570522
0.5730952187662137,-0.18160261755418763,0.3786025061070743,0.7037346814632741
0.5670959499041194,-0.19902983555036402,0.3884211679251064,0.6985114920105723
0.7492538208815825,0.5453033350913263,-0.2913462449170709,-0.2374454678559865
0.7548168673520028,0.5499394403954107,-0.27741909895969546,-0.22551441681383103
0.7468892784967239,0.5603040669315474,-0.27824079154631237,-0.22538371761574297
0.7420254620999223,0.5644261005486951,-0.29873045842356694,-0.20391543302270368
0.29495253763864265,0.8025875959773044,0.01988920628934945,-0.5181318083239785
0.322602109294567,0.7918728520930878,0.022353267951476515,-0.5180401496105728
0.20367713207038485,0.5600158584301361,-0.6677795185267442,0.4460587167790028
0.21224842356638174,0.5665343900451069,-0.654638552672861,0.4532524207813858
0.19769570399438036,0.5843111543935233,-0.6545690298714086,0.43707695959256154
0.1967884292601157,0.5808186730913624,-0.653757395994675,0.44331168525089376
0.19111129083878656,0.5859109653875532,-0.6486830032339865,0.446536870222263
0.641810512914205,-0.0919066526564433,-0.2946899948242832,-0.7019901991201565
0.62652194294651,-0.10048070153474935,-0.30899642131543975,-0.7084455485355711
0.6281051370540498,-0.11411931272284108,-0.3013527306753013,-0.7082706057606225
0.5447248223372151,-0.17213481119447158,0.407310703615911,0.7125604994838297
0.5557467765176898,-0.14521325980482394,0.41555611808721915,0.7052458736407714
0.5323850497867667,-0.15748044630438907,0.420991236445344,0.7173091708820772
0.506444443595,-0.18665363062049925,0.40278630978177016,0.7392142019606502
0.7666134364680738,0.5469305054755353,-0.25240426868358734,-0.22240266715394744
0.0917459144410058,0.09235361424402716,-0.6413179394267454,-0.7561513060815821
0.28695689061681784,0.8087035427682369,-0.0038236194503779492,-0.5134585696781474
0.19143177713152132,0.5817409540610264,-0.663581715326635,0.42964013331693646
0.20671281231739544,0.5711828430814296,-0.6541437983587397,0.4506837739058827
0.21794781984179504,0.5471926345896639,-0.676463809358028,0.44212632030434107
0.19439610812543193,0.5768927409581737,-0.6618880951494783,0.4373889208414477
0.18264298147488392,0.5716624774441166,-0.6694080006782598,0.4378772451593657
0.8503424475314171,0.34528353172112697,-0.03475178373742151,0.39558730790500884
0.8501940263236588,0.34628060007643113,-0.038604701039313676,0.39467650129180204
0.8563680149129324,0.3405950104719269,-0.04856662355042583,0.3850586253450543
0.8587921618381745,0.3614891053844627,-0.05416827217274228,0.358981124494694
0.5257278080492549,-0.26068605483464086,-0.8038293099633548,-0.0975268839977656
0.5250165210411442,-0.25361971650885395,-0.8077976468416476,-0.08658899346290554
0.5422481434547883,-0.26278212104121945,-0.7941395997371479,-0.07908731826428334
0.030449167284803805,0.11499726983228926,-0.6519040979418018,-0.7489122266524079
0.004355436231895016,-0.1030863876222247,0.6758567803342331,0.7297751978098972
0.008597213874713017,0.08837754611626485,-0.6709415362256538,-0.7361745392386372
0.3491302234702561,-0.3378187859597255,-0.5297200141419607,-0.6952576943333655
0.3398229953245023,-0.3248214662096459,-0.5166913093552884,-0.7155707077395056
0.18360169785273295,0.5906374641209683,-0.6446958312711037,0.44922721162459245
0.21277107521462787,0.5591203498170629,-0.6678907635638294,0.44275820931811255
0.22067495372695287,0.5360626918915316,-0.675051440701028,0.456338588733277
0.8769430549110021,0.3165688251127192,-0.020077524972612844,0.3610428650466392
0.8690430486227724,0.32744701300293666,-0.029996151209897754,0.3696523559082039
0.8602526601678118,0.3357455603673673,-0.025655067884490176,0.3828604143283141
0.8581597471002983,0.3396287042117846,-0.056480504750190404,0.3808203570127783
0.8491606423850421,0.3657958914739671,-0.06284958099425063,0.3757252977560011
0.5103284173289098,-0.27800910008262086,-0.8040777366293541,-0.1254385913299274
0.526442189945775,-0.24525092548879898,-0.8073124982797023,-0.10467633119941683
0.5346010947814961,-0.23883901409850122,-0.8039639385468605,-0.10392102924385296
0.044193918376872886,0.11449911756944293,-0.6387921183149236,-0.7595271418672607
0.02887541972112057,0.10623212241993825,-0.6592917073934947,-0.743784505662934
0.005955875619255806,0.06940199937952637,-0.6716501936818531,-0.737586542281556
0.3344340258563218,-0.33556758923156965,-0.5296081414007924,-0.7036074843041709
0.3333096602511175,-0.3464002578883513,-0.5139974615706983,-0.7104351773505074
0.17702792228831532,0.5770545778071181,-0.6514763233164659,0.459616937373059
0.2112481883536148,0.5502637215116071,-0.6741592193393829,0.4450768323393457
0.21875013545156494,0.5473075089596773,-0.6649663208594265,0.45871849864481495
0.861783004956798,0.3370925894413143,-0.021093748466707505,0.37848869505839167
0.86140249679587,0.3369708207533063,-0.026426972917804756,0.3791279725595117
0.8606235585945063,0.3364829858430268,-0.02654245436931778,0.3813158647976013
0.854832039315885,0.3401074460405006,-0.03490439475619747,0.39034701604285
0.8557703430530734,0.34557135862749294,-0.054027677529536904,0.38120672358700336
0.5387474142640828,-0.2436088564009236,-0.7999406105744211,-0.10247423217873423
0.5351184504113281,-0.2509695524019016,-0.796999686087264,-0.12431423158018187
0.5416263803007408,-0.2456790474975198,-0.7947465119219393,-0.12108117760799843
0.6882357812462836,-0.6483029668752429,0.273363599492928,0.17693816723744313
0.0735235247106614,0.08295774365113737,-0.6443325465469217,-0.756668932587292
0.03197191534731582,0.0764422983817249,-0.6603141859257387,-0.746404412843582
0.3501030613945412,-0.3342393695611896,-0.5185315202530861,-0.7048666205329432
0.3502734422225586,-0.3364772171036336,-0.4930055462337872,-0.7218290167529144
0.19334729154323788,-0.8522032171751881,0.37209277980198646,-0.31291127290077597
0.18086024088701236,-0.8645719034505321,0.3646120785248464,-0.29472534540484785
0.16466200726301997,-0.82544233414042,0.43056582778351665,-0.32579816500100717
0.8713461835927802,0.3337286473640317,-0.02490491961284814,0.35883250026432745
0.8722798349627281,0.32289727444536825,-0.019520953636377437,0.3667208366622695
0.8670610682910993,0.3293521207111468,-0.027524494361917035,0.37279308825015633
0.8563669054356995,0.33597807080729025,-0.02258876600257481,0.3914641833700451
0.8570297530547295,0.3394257153268451,-0.030637570104096463,0.38646025080456275
0.5277410503042809,-0.2467601122638042,-0.8077163513512391,-0.09051589130716879
0.531834724882401,-0.24492122404382125,-0.8056652998402705,-0.08982674465561119
0.5398854423885469,-0.218456787706267,-0.8068588681973508,-0.09888937158902496
0.6798357946018755,-0.6479467891529556,0.2759168159798584,0.20459267206806092
0.025027613365478204,0.08200534653489176,-0.6529247638833762,-0.7525543132669948
0.0320663504262413,-0.2996628405845053,-0.4513732593224778,0.8399024419013019
0.03770850961375239,-0.2882547029464163,-0.4255595320406641,0.8569634643444923
0.22224764804925698,-0.8563033996562629,0.35345450059141603,-0.3040072148574322
0.18157957498418686,-0.8449816196622032,0.40171372033540154,-0.30275568908922723
0.18865120421621662,-0.8442647620419585,0.4000163258894754,-0.3026791597449212
0.21888910406720583,-0.8387593492716221,0.3830226715657116,-0.31916131845317036
0.862356647442245,0.3500901149575766,-0.03424334509245153,0.36415013021835063
0.8623308637582123,0.3514767303531409,-0.014961532542383183,0.36417817339080655
0.8638007237918577,0.34794663777291823,-0.03545128409009169,0.3626632781183507
0.8786192065066843,0.32191946140176,-0.034580517042970375,0.3509990572201101
0.8761693837777108,0.31517354577152357,-0.022006944424365238,0.36401722675375514
0.5279941330429274,-0.2116548035268542,-0.8178128210936404,-0.0872159920606173
0.5481269572609417,-0.22172529097830782,-0.7982579889360056,-0.11479946500001859
0.5259501588567557,-0.21304679573596325,-0.8178435900500701,-0.09549531632077653
0.44984603519532024,-0.44366828466534663,-0.4941254642307788,0.5971909438361211
0.45832043267507744,-0.4478717594432876,-0.4822710176332362,0.5973005387882273
0.6613396320011267,-0.5099822141945934,0.4317190188939655,0.3408323944037982
0.6560411344404101,-0.5063032353111098,0.4341225518197926,0.35327704968921236
0.6672742995145752,-0.48527238351390095,0.4351874362471899,0.36037150045289196
0.1829638769139401,-0.8415504903120984,0.4029280219726204,-0.3097837973640956
0.1944005059413844,-0.8515769887995676,0.38514352713318156,-0.2978078893249931
0.18424149716545554,-0.8463647584659021,0.3877303250925303,-0.31525697669175784
0.5649539528860833,0.4012065228145443,0.5524992294269565,-0.4632547448780975
0.5713535086372293,0.3875720472780746,0.5490161734593055,-0.47108843927304295
0.5850221597757228,0.3988200582043682,0.5131307679822109,-0.48516847454796524
0.5652689028998273,0.34947247461799774,0.5646411974597891,-0.48940818856040214
0.6218997705966611,0.3768281081649697,0.48301766765747384,-0.48778600324257415
0.6251879726660307,0.3356209600785095,0.5091018616937303,-0.48714870872218885
0.6006427731043101,0.36040395207310105,0.5362200434435829,-0.47096211679604993
0.4147093999075172,-0.4459862568717371,-0.5010035088231639,0.614904753971509
0.4263371989797142,-0.4402267980508343,-0.4876429338731166,0.6218048955159977
0.4376252184104273,-0.4408034933665544,-0.4778729884402138,0.6211391594210488
0.4674140468453714,-0.4412322882339313,-0.47049202017643343,0.6045456439192831
0.45367845295112835,-0.4305308341623577,-0.4832848405737655,0.6125804641309789
0.6772302398298425,-0.4877277222003359,0.4317316054261006,0.3421822498808022
0.6764314935054706,-0.46617875068853865,0.44810043675727534,0.35259581049463845
0.665706545194356,-0.4862079324711185,0.4519965609604838,0.34078695832946837
0.5659362800976926,0.35152666008713845,0.5685847536410521,-0.48255208220886553
0.5726833112312372,0.40660686867588475,0.5246218963444184,-0.48112009442425535
0.5599808693391697,0.3677491782380436,0.5767506160027371,-0.46748336314766836
0.5806671797980045,0.3841557111929165,0.540375699154916,-0.4724871634511692
0.5593946264064227,0.35332037965776936,0.5853506348708867,-0.468622444535426
0.5794922101315813,0.3453556793088487,0.5680764991175439,-0.47138871891072465
0.5746619807759582,0.33634146277032667,0.5562504674365106,-0.49721569338550925
0.61380151818923,0.34175849592456065,0.5264572243777857,-0.4788440431209477
0.4050801050824019,-0.4519666947539225,-0.512543175392731,0.607400780916506
0.4278654090276288,-0.4384347175488687,-0.500514530209373,0.6117118563954392
0.436925937606831,-0.4455358578788649,-0.4957461128705251,0.6040110230486693
0.4536758060822276,-0.46046050437491615,-0.4822829393910368,0.5912339243131948
0.47117547406068966,-0.45456250202029796,-0.48191029805925995,0.5823478934667544
0.45916438430555845,-0.4435092484523372,-0.4934856626140039,0.5907110253897062
0.4672618133917709,-0.42010424502278687,-0.49455338094522355,0.6004962734732971
0.6624683361347392,-0.47534988284843116,0.4463452533294392,0.3687195510481262
0.5511151967690487,0.3891921678768883,0.5683788571181996,-0.47090017109203747
0.5770776874996784,0.35624442450650134,0.5662619829837828,-0.46842141200560994
0.579474756004448,0.3758336033224011,0.5408048669699005,-0.48009187207132964
0.5741112018121411,0.3544281991486262,0.5658313312670777,-0.4739323624301335
0.5844547678090971,0.35895125273025774,0.5562499906913023,-0.4692041883919187
0.5960079433899574,0.36092604136194967,0.5450339472799821,-0.4663098973807732
0.6048905612434824,0.3553672951719497,0.5517765728503039,-0.45095909802807
0.6078378439204465,0.34617377267175387,0.5503917008994995,-0.45581339404772203
0.4285382170606716,-0.4490359425864855,-0.49732922932652535,0.6061232188601683
0.42029729091094653,-0.4329471025109997,-0.5042478773503692,0.6177710513352791
0.43589102883161535,-0.4371669332571511,-0.4990376475819972,0.608149249565006
0.44921992108078457,-0.44309018493794844,-0.48083060850911663,0.6088304168129094
0.45125462496545077,-0.4360993497654381,-0.4836067888472009,0.6101730036328643
0.4456535317436346,-0.4334661759173102,-0.4882875051181633,0.6124339281306421
0.44921186000691765,-0.41692738545881824,-0.4823111925405995,0.6259042847222442
0.45267208026383887,-0.4029714429236486,-0.4928098067779065,0.6243720832013262
0.5681515895651177,0.37471548909256686,0.5772686706658677,-0.45116843348843755
0.5749830242189541,0.3831795407944392,0.5590812805385884,-0.4582532958178487
0.5789826979695198,0.3892072475669316,0.5554752267040651,-0.4524864930706514
0.5796096537568739,0.382348979442923,0.557223959811211,-0.4553716787450731
0.589262420425034,0.3748512602240068,0.5613070076548358,-0.44406168010860697
0.6073971260415842,0.370630155392378,0.557986404922869,-0.4270283258889249
0.6085327600591688,0.3502634503998717,0.5595719977087463,-0.44032099044786593
0.5862393372337829,0.34299986358992324,0.5727062170038977,-0.4590012222882131
0.4241393045509293,-0.42558076645125653,-0.5171915722116222,0.6095077843597124
0.41780680948369575,-0.457245516173229,-0.5107597184302646,0.5962285785817124
0.4345584058365921,-0.4439664807269271,-0.4896997872626682,0.6117572020520922
0.4471179745632434,-0.44329761399490325,-0.4929994999167379,0.6004367038504015
0.45480756137859146,-0.44252638069735806,-0.47927546413360217,0.6063130494878665
0.45564862906872394,-0.433828671815343,-0.4806140200734178,0.6108904763110949
0.4522849563212327,-0.42346012165877717,-0.48805505503847874,0.6147536961268488
0.45307194578477633,-0.4352071292978285,-0.4981541834058452,0.5976311371627114
0.5843254100543164,0.36564440526013375,0.5491431017031185,-0.4725567033898648
0.6250892278503549,0.3960340222852878,0.5315231129271487,-0.4121937540067983
0.606667501335704,0.3802987831401418,0.5569358344451107,-0.42089173747669284
0.5930061924881209,0.38800374504339685,0.5747991675106142,-0.4091487095569841
0.6099829014776718,0.38551284703992655,0.5642305292226126,-0.401179030565185
0.6325796342197783,0.3918385110718241,0.5416948935478774,-0.3909887848973951
0.6275889567934057,0.3782319671623099,0.5449401114675989,-0.40756957104422664
0.6011419550695719,0.3802531410544325,0.5600580601665777,-0.4247009157228425
0.42327093968846335,-0.4420460855957715,-0.5181798331984397,0.5974333689133361
0.43754742033129007,-0.45114314236755493,-0.5100386751353844,0.5872671197353921
0.42547767934944924,-0.4528508572943766,-0.5084346292780372,0.596145177934084
0.4495778140477782,-0.4343227648338519,-0.4966014599432131,0.6021881060311383
0.45356043072519897,-0.4374328596891615,-0.49095640070067414,0.6015789570418613
0.4616742177720441,-0.43381895630965267,-0.4990259898010638,0.591296111346966
0.4769335718910245,-0.44853283876483396,-0.48756152461988334,0.577612690531608
0.47457333697095594,-0.4474584122024113,-0.496844122365254,0.5724570160777569
0.6168251357239162,0.39376854468920863,0.5265955246740245,-0.43263175859592645
0.4784369014916194,0.8472120712661532,-0.09184418372242192,-0.2118831836375299
0.46800935832609936,0.8493473918784796,-0.0758193404701049,-0.23200792236278375
0.45230247221471104,0.8593462290312492,-0.08327866956624108,-0.2236318301886142
0.4625709217883705,0.8558025475420906,-0.07813680547357861,-0.21800179257682514
0.46701911626349557,0.8515617017877716,-0.07909669273745133,-0.22467649251930033
0.4893238389946532,0.8372707110353914,-0.03353380744185702,-0.24169282321218705
0.7559027571516296,0.5511931758853149,-0.27345928927600743,-0.22364507975067516
0.7517337139017782,0.5613836195234018,-0.27820133275228415,-0.20578841942416723
0.4361293212070316,-0.44347987304533465,-0.49587544575598974,0.6059903957023464
0.43628528931694316,-0.4236179094847872,-0.48376531549829294,0.6294236511366625
0.4329418885464946,-0.4327830846795992,-0.493954985129662,0.6174695097108529
0.43549026512445793,-0.4366840581765879,-0.48217531947651465,0.6222236122198972
0.4398774588736247,-0.45162727808948927,-0.4858964446640803,0.6053472292190393
0.43452660894807027,-0.45934503957079653,-0.5087876572844844,0.584229304753502
0.1811273267244268,0.556772224024226,-0.6697091738975143,0.4568229465189867
0.17869794311911866,0.5326607027805531,-0.6819526425081013,0.46827365312874625
0.4654235914591341,0.8540742125519037,-0.09840006220046346,-0.21037002573102392
0.47507813978160357,0.8503953753942929,-0.1065165352670989,-0.19945599595987032
0.47908303540641545,0.845274324334917,-0.0999814621308935,-0.21446321138156454
0.48241080683171744,0.8452199863735463,-0.1037750199318972,-0.2052163086228967
0.4813701018629966,0.8435969858303851,-0.09232841483625077,-0.21932262615636058
0.5025697985103977,0.8326263347876496,-0.06733581342808934,-0.22276191881306986
0.7652580274339175,0.5431217020939071,-0.26778131809896444,-0.2183852875991151
0.7492255679050452,0.5578658086890933,-0.2803769504484407,-0.22098767737197345
0.7454247076177352,0.5681411193901401,-0.27497916816954926,-0.2143458205888684
0.44887745605280727,-0.4427944651900547,-0.4897231926620842,0.602173800171901
0.44554358161223445,-0.42423377730759326,-0.4982434430662005,0.6109583377915483
0.4423925966723526,-0.4342000261889166,-0.49282391529172076,0.6106420524198904
0.43991717261769053,-0.46601374015873437,-0.5068171235844571,0.5765765157035985
0.3006756950613486,0.8215835058285853,0.0022027745388046144,-0.4843447296442042
0.1955145738560435,0.5484047880574526,-0.66574737169753,0.4666976290098131
0.20473534038708124,0.5544380145854583,-0.6634720445066951,0.4587883766370147
0.18767660228759314,0.58518236069188,-0.651754970358948,0.44447109726198175
0.45685689656677114,0.8562549930381781,-0.12191700072913847,-0.20795530262481768
0.47725388837983834,0.8450741717443524,-0.1006279021258276,-0.21898035434868693
0.4713832236107609,0.8469032406828381,-0.1048637042020514,-0.22261258041777196
0.4782957475622009,0.8427973857297103,-0.08993524856716935,-0.22986386304994275
0.47616458246101184,0.8461222854682752,-0.07379090870399443,-0.2278141133387303
0.75252860133535,0.5603918492421642,-0.2830130588056153,-0.19891025117046854
0.756953531638474,0.5544134413092182,-0.2788893738601903,-0.2046162363635469
0.7581222168375683,0.5507012883129859,-0.28555584005308154,-0.2010886809327859
0.24167249481627756,-0.17691548453080705,-0.24600106516649767,0.9218344713230542
0.2430239463355232,-0.18052516924627743,-0.24815432163484355,0.9202007701746735
0.22962455909372,-0.18544375918195377,-0.23877796680619712,0.925131480714703
0.3002028762967744,0.822098505869873,-0.023567701574505072,-0.4831944154811408
0.19723738661992338,0.5847358758441508,-0.6463686999631238,0.4487637156991393
0.22364672927578969,0.5564261111371103,-0.6581747000097918,0.45516830688888527
0.20788781324463643,0.5593661146884291,-0.6678592374225225,0.44481034816215903
0.1866801587585145,0.5856123914987504,-0.6468749464868199,0.4513994338240625
0.4763086008704593,0.8460953289948049,-0.09157006199752377,-0.22106047755256525
0.48730368223348913,0.8374226549500656,-0.0907846150732796,-0.2302532777705079
0.4830313228647551,0.8401344657404037,-0.09005872275880021,-0.22966115705896964
0.4820026758654232,0.8393984453072716,-0.1125967621569907,-0.22451200330064613
0.48905659156988074,0.8354998330558003,-0.11008128315010206,-0.2250461959372071
0.5135095669386738,0.8219018829871299,-0.09543424495948477,-0.22732691062361984
0.7605613588542222,0.5447121573280443,-0.29223594127169655,-0.19857804437019835
0.7534565101122895,0.5477838385254584,-0.27027470686062655,-0.24328529846895022
0.2270985951230968,-0.1981096029491562,-0.25910084196856686,0.9176304087178145
0.23266443445801238,-0.16028012543945833,-0.23203990101370542,0.9307711999546369
0.2501247352612388,-0.14574435040835546,-0.21644231581219578,0.9323888271855233
0.19880432314616286,0.585627771631044,-0.6527310317549008,0.4375604579678523
0.2164077777166,0.5723799045613224,-0.648864278682046,0.4522433708177074
0.23374569573889964,0.5371531086249,-0.6727270966774896,0.45195988872246146
0.20053398562275193,0.5674866004661454,-0.6629343685866507,0.44526744979646826
0.19137477661922983,0.5871526472215812,-0.6521429859415899,0.43970102299382546
0.4687480411348832,0.8498047492868881,-0.09938782011099495,-0.21961152801081232
0.47314676712092574,0.8447586064995424,-0.1032524032764902,-0.2277146783270612
0.46186609679763746,0.8533382821921388,-0.098075720763908,-0.2210760904551304
0.46535198526836835,0.8535994979227732,-0.09842203304252006,-0.21243476731588662
0.4705169070961042,0.848117713232724,-0.09895767079628444,-0.22252542332997668
0.48805295231614865,0.8329537622639046,-0.09058374986996548,-0.24451365999754204
0.7526463024503596,0.5377675668854728,-0.28364980970588066,-0.25272984166437107
0.22900170202068484,-0.21870420629105267,-0.2300873734880302,0.9202100255830785
0.21387349023330696,-0.19240453356747308,-0.2305392913521802,0.9295645543914319
0.24972765357026566,-0.1338893164065286,-0.2339923625550162,0.9300308189841904
0.3689259696206905,-0.31995785401676885,-0.48897607807322757,-0.7227883477647812
0.19702309202195067,0.5753723658960831,-0.654557138639109,0.4490918547801064
0.2056512529093253,0.5715621521388891,-0.6563265621317939,0.4475038684295889
0.22716688459786144,0.531062749310371,-0.6786935619466323,0.4535885931206879
0.21882937528808377,0.5413036108383015,-0.6819817619946142,0.44045996607088495
0.18090135262149917,0.5823705664225517,-0.6542649269792696,0.4472769045112877
0.17582150771004956,0.5648749814463716,-0.6662262005360612,0.454032710805962
0.4666058006585466,0.8501908331823791,-0.07742926076481935,-0.23121263707216005
0.6454520145419577,-0.09341685011164085,-0.28717199048075975,-0.7015676994576263
0.6111284942904696,-0.09449180199946153,-0.2981995946106804,-0.7270971493515733
0.6131925734770657,-0.11515439288126192,-0.29879696895905106,-0.7221182070641935
0.5034963526460416,-0.2611952712250124,-0.8173964113808663,-0.10065564973466207
0.5309559982227946,-0.2588525358970164,-0.8017092083022218,-0.09134242132954583
0.03810516393801684,0.08727446792747993,-0.6747868180544816,-0.73184282049436
0.0090845608204714,0.096951796205265,-0.6831555951170126,-0.723751513178102
0.048024827016676805,0.09410173828592508,-0.6618321885158055,-0.7421702184040835
0.3374935707122829,-0.36143284594195574,-0.516712438439393,-0.698908179637489
0.19995635429706252,0.567173995025238,-0.658525888939821,0.4524099571620384
0.17755794911128536,0.5767902887446453,-0.6589398315849562,0.4489815540398654
0.20344980642460575,0.5469974496723867,-0.6696268986693819,0.45934930379409594
0.21117626887155047,0.544104582806773,-0.6787551723556962,0.4456974337311664
0.18833942882521454,0.5313815750502778,-0.6913874162436738,0.4518244370402901
0.8609322073439742,0.3387173019147113,-0.047500036525056084,0.3765767787205802
0.8555026204021074,0.32845901644159387,-0.04903718250358037,0.3972723193672812
0.8525817338320965,0.3482118151034586,-0.07281806298142283,0.38281908084870153
0.492230163807804,-0.27017793318750943,-0.8225317829254759,-0.09030402169176109
0.5370552699401058,-0.2774954428719222,-0.7918311971162291,-0.08701305355149569
0.5291489475425583,-0.25588557430584735,-0.8045306508800683,-0.08517274194989488
0.5282045591516202,-0.25331632513308855,-0.8050811609456776,-0.09314025661801803
0.0038739787539552894,-0.0972303423093426,0.664074722849769,0.7413069642833693
0.052087613733881606,0.09046248489726855,-0.6501665427922282,-0.752586796293506
0.045122356797152346,0.09450032066900481,-0.6685400675025216,-0.7362661478393867
0.33498601842551623,-0.36401847798485054,-0.5051670285937719,-0.7071641877009552
0.3411575781236589,-0.33131349850567426,-0.5246409052569567,-0.7061124507667963
0.35911482045871,-0.32404675996686044,-0.5208153726025647,-0.703407130147783
0.1988434356770179,0.5792182358442433,-0.6460526516394329,0.45561331703902147
0.18803451007822938,0.5370098283710784,-0.6858952717738844,0.45366413061948646
0.23597561760647978,-0.19396108353938468,-0.8325993839090785,0.4620312455686209
0.8615631662640623,0.3393207909505438,-0.041239630975846965,0.37532599723802396
0.8647516715378071,0.3316485979410474,-0.053351081246508336,0.3733194559437462
0.8599107640567996,0.3450585701034391,-0.07318770624010582,0.3689601885200264
0.5175711400973934,-0.2559405499760946,-0.811913108830868,-0.08609096076135726
0.5191435267321958,-0.2653640124616506,-0.8056423255719416,-0.10493990084493485
0.5429889527683387,-0.2671120121991251,-0.7897437664015375,-0.10059300940120593
0.5258350625108247,-0.2585027399422711,-0.8051733036022916,-0.09148645606180053
0.04581143684118321,0.09939529472236024,-0.6536467534976966,-0.7488443157850121
0.052922481542217736,0.09437265830658921,-0.6520419647191026,-0.750422739898528
0.04514838169109301,0.10391917902384498,-0.6520328103913323,-0.7496770251480742
0.3536137701799614,-0.3390608259861548,-0.5131192248180123,-0.7047721042598538
0.3414693097824485,-0.34462766850257587,-0.5322068335544813,-0.6938201257509684
0.33773861449215425,-0.3334523399160198,-0.514380033873508,-0.7142515985545571
0.32649465968371355,-0.33967381478324665,-0.477240899502804,-0.7417978569599452
0.22785365342317104,-0.18901321952997255,-0.8387801524433599,0.4569513883683055
0.8671031824748763,0.33019860103896537,-0.06192345300936321,0.367785862671812
0.8691913235939005,0.31812905561344673,-0.052677551272427736,0.37486720656189826
0.8608952487721735,0.3317897558360795,-0.05670405948982272,0.3815227099415014
0.8609425981032346,0.3329716795400041,-0.06393597510128532,0.3792359351161345
0.5121630055856793,-0.2666349085546223,-0.8115464288014413,-0.08937155671207066
0.5260894811350678,-0.2573006330669431,-0.8044014119223712,-0.09982289596921776
0.535144560381527,-0.25747492239517067,-0.7957701860527725,-0.11864558492080185
0.6845489952113767,-0.6454911719886514,0.2852785865728238,0.18261968153193076
0.6844095510166299,-0.6513634514965845,0.2713866392136939,0.1834625645410203
0.04787751567368432,0.09027268405300148,-0.6627476491554201,-0.7418383513581295
0.07740516906848624,0.10444449894386615,-0.652326318018808,-0.7467062081313298
0.3231509701321858,-0.3706865228488197,-0.5088743959605868,-0.7065492208025048
0.3259612839727321,-0.34461206766687785,-0.5127351400708468,-0.7156077419269137
0.312235054472216,-0.3374050062374045,-0.49248213948867753,-0.7390050573638345
0.3311649798144967,-0.3370123292370415,-0.4886177170524923,-0.7334883589185983
0.2422218668905341,-0.17876703977857566,-0.8322966101095606,0.46546027272905227
0.8714262761808298,0.3309125225753128,-0.042446240142954644,0.35959903264911897
0.870467363952092,0.3359435350319163,-0.04251406807687911,0.35724090412508785
0.8728763945663557,0.32408994492318116,-0.02617338415500223,0.3638233931049569
0.8742589727296075,0.31727495924374655,-0.04207482585246987,0.3650172021537272
0.5209996778030394,-0.24224600700012808,-0.8132695859607153,-0.09202602008622365
0.5194627489103997,-0.23668334685788328,-0.8165177944639674,-0.08624463541751627
0.5347615409643166,-0.249581156092827,-0.8009535904090691,-0.10105783908069159
0.694909924803088,-0.6416197233492931,0.2706051191503599,0.1794357726568555
0.6948290247198645,-0.6393875159663153,0.27195683067208715,0.18556862095747953
0.029013891233688645,0.08732603303891077,-0.6439055775362597,-0.7595511604144007
0.004434869098055083,-0.3038771537395791,-0.45037198811923596,0.8395261042330621
0.01230302079856053,-0.307034679802499,-0.4432930237030197,0.8420627270067481
0.007925165126429785,0.30726726835840523,0.4364933782034242,-0.8455752765649225
0.021212420953793845,0.317777389390445,0.4594529650407127,-0.8291384304835775
0.009283918947582966,0.31210051676989986,0.43491982722595307,-0.8446015748071296
0.20144424526197763,-0.09627275173177155,-0.45028889130352073,0.8645181823961084
0.5810403470091781,0.3834252921437286,0.5379993794586828,-0.4753249711450289
0.5695251934756766,0.3669235705322108,0.5562922959491933,-0.48119333832874517
0.5963427538137785,0.37254050241932274,0.5217744304735293,-0.48305314172975
0.09547762057279108,-0.8517223886940593,0.1262005908305022,0.4995261829384684
0.06604007637002078,-0.8471132306998072,0.11577656214724495,0.5144255731821099
0.08160992292802542,-0.8455551111556259,0.11898705087569969,0.5140218440904848
0.34548542857120046,-0.6460226936541519,0.5444542919063435,0.40848992882759044
0.3704450375520753,-0.602981321428392,0.5723599731028444,0.41423189320865095
0.39242169010865574,-0.5936210543107291,0.5744876645572577,0.40445418069644495
0.036559220521196055,-0.3226943339148728,-0.4363089433817819,0.8391461709256571
0.0009120492273067453,0.3074925734559216,0.43243247711267624,-0.8476140856391288
0.018768631164804327,-0.3118969792177733,-0.43608864055340063,0.8439162934908382
0.00112810592917303,0.3055885547781864,0.42189658709378647,-0.8535910217218824
0.012685895327934984,0.3067893745068674,0.447764721061875,-0.8397774123669886
0.01003643668153036,0.3024603510361278,0.43158649200739213,-0.8497941550202575
0.5601126638353585,0.36595914216879444,0.5718637678391422,-0.4746783554230788
0.5795855454319637,0.3804943854684272,0.5386116795248298,-0.47875053716187005
0.5688696539879734,0.3692276310187753,0.5515978957911707,-0.4855903979926077
0.5998695484686682,0.37288783599532815,0.5346733329793689,-0.46393492387128005
0.6128853091478741,0.36193570808410375,0.5320928187204486,-0.4585317582354588
0.6106365269796418,0.3549736516297804,0.5324702824649215,-0.4664677232763135
0.08867214580537004,-0.847013441190372,0.10117910626650674,0.5142647853550022
0.361153014859724,-0.6172139495476072,0.5674109535418804,0.40824043178287694
0.3724572664594483,-0.5978436342967424,0.579300803526808,0.41020623182201077
0.36593933364675735,-0.5990649312400804,0.5834922911188174,0.40834588090661383
0.4344554064976923,-0.42685692456083524,-0.4779355023141676,0.6329449591766213
0.4416597326454006,-0.43265287359123844,-0.4817849617520694,0.6209922883276363
0.4457890477456257,-0.4415841729098452,-0.48028073144410766,0.6128670020070336
0.48183782679471465,-0.4476028759218679,-0.4697701299925846,0.5888972738117996
0.9258877866337619,0.22950298800804655,-0.16137274439738186,-0.25301980638572386
0.933560293950421,0.22143528549855385,-0.17214433331500884,-0.22315447654687282
0.5662055875930792,0.37013466477915735,0.5587810404800723,-0.47976589218826793
0.5915466174248688,0.37706159864376687,0.541066645834151,-0.4638362157132453
0.6053130653437652,0.37827394500430284,0.5320260699065125,-0.4554702804737617
0.609275600482137,0.3693863200095889,0.5323855629018107,-0.4570586413805425
0.6328753988152541,0.35705875935398923,0.5147361874796043,-0.4549993727929577
0.6186433059939972,0.35476395868053906,0.5311982470073254,-0.4574400681471562
0.6112541025235219,0.3450498559680703,0.5455504749396131,-0.457912326038228
0.6108702876259625,0.34672821577856056,0.5443573460601098,-0.4585761832773086
0.3675462753534526,-0.6090953169093999,0.582334280520105,0.39344556945525944
0.4155410820905024,-0.4356701619967929,-0.5115625218340489,0.6130423356470015
0.43754102117950927,-0.44324193963804354,-0.5017742252038193,0.6002641623920291
0.46375104340975143,-0.4195720694363998,-0.49645866291933016,0.6020158173151058
0.45283980193363393,-0.4375905736653075,-0.4934737590618454,0.5999452081159965
0.4622842741522103,-0.449703094314866,-0.4856571424099746,0.5900826356209583
0.4769692642791933,-0.45727969511503924,-0.4746128391565177,0.5814965642858532
0.9280613435789057,0.2328570885869585,-0.16577239723596107,-0.2387451175709455
0.5815353495406818,0.3663117044543381,0.5475022188929357,-0.4773611763870902
0.5829922899118093,0.36627864769734775,0.5588803245083483,-0.4621825667653752
0.5999470525546162,0.36621547700453116,0.5431867987719929,-0.45923617036684605
0.6012662438807111,0.3727973009508715,0.5387720670250106,-0.45741199827608836
0.6131600426802463,0.36367750440056174,0.5432754337001785,-0.44342444451250224
0.5945274819820265,0.35389176028674135,0.560111517110842,-0.45560156229874127
0.6261956154817327,0.3580475060509658,0.5253037829484675,-0.45137231880363143
0.5995197903507372,0.3560481157280137,0.5509790054873678,-0.45850615674872935
0.3917693834721212,-0.445615269329462,-0.5204705947846774,0.6140473449814676
0.41774260847240796,-0.4463667703681027,-0.5007020857418651,0.6128174611673233
0.44926316585881165,-0.45394349623779595,-0.4789912193321293,0.6022170055956941
0.44337213101170686,-0.4263555536990006,-0.4874778832881148,0.6196833131342944
0.4549753122129145,-0.43798343682943164,-0.48663192507797826,0.6036201983323133
0.44957823749509757,-0.42142318188049993,-0.49097313392966924,0.6158143323306109
0.45234811625538823,-0.4415602240062346,-0.485104279626754,0.6042181627389015
0.4365616600265445,-0.42299344778140724,-0.4968335906334216,0.619392317797991
0.6100178646082962,0.3657321272854803,0.5454065942502428,-0.4434522103658102
0.5958197882477947,0.38196538174601274,0.5291596466137596,-0.46807189135385724
0.6233526126649179,0.38504686326338067,0.5164281174217724,-0.4432521098777268
0.6250440378718134,0.38051200552904396,0.5183955461403734,-0.44248912089563064
0.6398270852942275,0.37033136174253756,0.5139571986964367,-0.4351137567831232
0.6324207218692536,0.3715478202139534,0.5300507750448389,-0.4254908033306922
0.6282239600820996,0.36023306867335414,0.5306468134274611,-0.4404324597622484
0.6190246871241392,0.3606030675923496,0.5368298471669297,-0.4456316635570008
0.38629515432273215,-0.4455587470686763,-0.5187274192997409,0.6190115678434441
0.43675211324735047,-0.44511156511174077,-0.4948152061952467,0.6052116967604854
0.4364603891393946,-0.4540635291767746,-0.49131727606075154,0.601611148856189
0.46086139495337786,-0.4404316041861847,-0.4875107534186827,0.5966238697678455
0.44267318472882666,-0.4302422792618966,-0.49285410987038325,0.6132102894125624
0.44766392979017244,-0.4290846790833976,-0.4955937898968492,0.6081694990349278
0.4461553415193292,-0.4291902639993186,-0.4808807721221087,0.620882284757111
0.4288381886292737,-0.4262004300750299,-0.5086923101034124,0.6129299593091178
0.6060983594669977,0.3711083268242677,0.5265318196666596,-0.46657007114861426
0.6064087083185443,0.3846079042711591,0.5554942267628578,-0.4192510017647142
0.5921588181787522,0.38818941767223825,0.5456572543310151,-0.44823550825026126
0.6176495452247798,0.384921686093588,0.5406399916514615,-0.42196295368859094
0.640762779034594,0.38186440189588505,0.5269721978889206,-0.40731184885868776
0.624407886349633,0.37607460880673194,0.5358579673314104,-0.42607384210098675
0.6250730108010955,0.37822304509418136,0.5266039232224583,-0.43464855616285414
0.6211429901088353,0.37505738113879367,0.5406840971499306,-0.42564545549216154
0.4057596578857914,-0.44394607271988057,-0.5147503589403375,0.6109853128511306
0.43441827819501533,-0.43838289419279264,-0.5129643665679887,0.5966311727363324
0.4447320919583855,-0.4493994460562694,-0.4947660890012777,0.5962046808278314
0.4576289222731221,-0.437056870958511,-0.490040120366347,0.5995145882115236
0.46014823293124113,-0.43553397762111623,-0.48734242122769955,0.6008919391535461
0.45887934197273983,-0.4198550460064362,-0.5007275304538932,0.6020161377397988
0.46360851745628245,-0.4300717043786144,-0.49233398218537955,0.5980908974565221
0.44498048786827626,-0.4425513720490029,-0.5089771516544049,0.589137426758668
0.6257747723391271,0.36875947541784665,0.5412256855585061,-0.42367102908411536
0.609112308665422,0.37631612727783104,0.5149337343691047,-0.4713932721110721
0.60324318455563,0.3854153124589834,0.5182369531286372,-0.46795636294559906
0.6106784913560008,0.38542745280087737,0.5232006257277638,-0.45252465574890266
0.6260310075398138,0.3767089394500952,0.5209355809701944,-0.44136342510035453
0.5111206665285776,0.0846372359817967,0.8469585497004791,-0.11938767784828326
0.5072920903941524,0.09499000706484394,0.8492458215713292,-0.11141439819426453
0.48606212268683535,0.09606747291581076,0.8611224421863248,-0.11394206027537727
0.4218183230375774,-0.44139307530929905,-0.49714448973087527,0.616513431929097
0.4439551462190815,-0.42249313015416706,-0.4847234976597733,0.624056498992362
0.42716214577065553,-0.44137824922918695,-0.4791495064283212,0.6270035827788253
0.42845086046220754,-0.4367674309720156,-0.48902698268967426,0.621704657866364
0.4323538577895283,-0.44012501207520116,-0.4880216286902436,0.6174099167739683
0.4219705387322487,-0.43390847199993715,-0.4982409388977752,0.6208222524804977
0.46183672191917385,-0.4533926276934237,-0.49638600998705495,0.5785696989381104
0.19043191610918378,0.5665460257918515,-0.6744571767155288,0.4334383494377967
0.2059874998179117,0.5287413029721492,-0.6909985645565881,0.44779768671891834
0.5188973105717851,0.8271205237089979,-0.10450050052895288,-0.1889361419366863
0.5141126686545956,0.8277143414577769,-0.09421933811354578,-0.2042054093294638
0.47148306184873146,0.8483886485952136,-0.10476027064469877,-0.216715733205926
0.4861463035240075,0.8420679722670953,-0.1018164159147237,-0.21027771898659678
0.5191627251476265,0.08208169685786154,0.8436831819581181,-0.1092307115203828
0.5193767587878244,0.0698555108130986,0.8470153882445648,-0.08906695300168498
0.5119758739100517,0.0827645969979587,0.8512695093392234,-0.07981822152342258
0.2418683129981035,-0.12534629431259742,-0.24244739402116697,0.9311322606385714
0.2563975824077611,-0.15962696927769632,-0.25801369840264105,0.9177191519475137
0.2269373021901424,-0.18606499775323576,-0.23566185179507143,0.9264678996566833
0.2303690012483046,-0.20059427723714784,-0.2263947091746745,0.9248986403175645
0.2413331104042332,-0.18047361974996332,-0.22774108789789665,0.9259166265274895
0.42679711063372816,-0.46762497145213877,-0.509657554418895,0.5825978798904428
0.16905369225156738,0.5514922186553745,-0.6710130391975203,0.46585264099883783
0.17961778529462485,0.5666493412402922,-0.6593613847242683,0.46031352316903806
0.1775890404488586,0.5376785673479578,-0.673084086609677,0.4757328066046301
0.1894045575148726,0.5348445870103099,-0.6678269855845739,0.481740904079556
0.5064949274821682,0.830639120940253,-0.08666388087917037,-0.21445491589002558
0.49565952727254653,0.8362345884672049,-0.10603808333209971,-0.20925886112252193
0.4926753762551173,0.83862028443895,-0.0959618292753943,-0.211608883276514
0.4900214827350749,0.8361999820854213,-0.08573978916210444,-0.23086191754574362
0.508755945952722,0.10695826297949726,0.8454496855566049,-0.1222380735711981
0.4990209524669938,0.09061384160567844,0.8528095878960056,-0.12443081411387034
0.24973739146137705,-0.1389342556587527,-0.22993913817208478,0.9302991457844592
0.22944219259036094,-0.179026831037914,-0.24028772048186398,0.9260493968539042
0.2453971806383302,-0.1549444981134492,-0.241002980351121,0.9261155379870307
0.22632584383349716,-0.18490213850458903,-0.24709829810048267,0.9238670048580209
0.22661739580662874,-0.19232037893498938,-0.25078633735568,0.9212836917908875
0.23240527634491587,-0.20288907483707969,-0.21461986171031155,0.9266941921681845
0.21335173413146616,0.5703668958329128,-0.649347347768256,0.4555333836584922
0.19597176958121187,0.58871521191462,-0.6300989934289396,0.4668883413273133
0.18482591716328967,0.539178155802508,-0.6636177164112455,0.4844974954685308
0.19439218489201524,0.5359015264092195,-0.6706108187720692,0.4746602597553668
0.48363268353987626,0.843986165097755,-0.1073076687774228,-0.20560117888075896
0.4758309373578198,0.8486729445867649,-0.10270960442252529,-0.20685717135012988
0.46889736064536497,0.8493923890489794,-0.11060396557847682,-0.2154868845284856
0.47786038086544036,0.841266949697983,-0.10113143862285279,-0.23171492801945226
0.5088932132557883,0.06899164382140396,0.8503610237534432,-0.11469080113947709
0.5174290687450002,0.09292372863625721,0.841682406370566,-0.12330071484087371
0.2324763077698005,-0.17474971921409677,-0.22771384531295968,0.9292812849794732
0.23437118455325878,-0.17521231523244324,-0.2345242096120742,0.9270216758780893
0.2388466892250306,-0.18716902110165412,-0.2493662949048903,0.9196393138353197
0.23262495998232954,-0.19216377691998904,-0.2394374694751024,0.9228371519636732
0.24352315396029411,-0.1623624827034216,-0.19832803004518781,0.9354148225220761
0.22290736045050702,-0.16322632376810578,-0.19802968917393207,0.940453995733876
0.1920595002249998,0.6118387536597352,-0.6272717788301593,0.44192375289938096
0.2013920049187954,0.5618762504325974,-0.6558476996387219,0.4621689457689578
0.2079337197339142,0.536459067470632,-0.6599897900940953,0.483103212675832
0.17939933840689226,0.5311700216819614,-0.679607963922771,0.47308276318029147
0.4881292539192918,0.8418518849000142,-0.1071734642777924,-0.20378685902968652
0.49206620022287917,0.8398001779021933,-0.09405376940191755,-0.20918987608140371
0.47402640999670903,0.8493012649676425,-0.08721880817903149,-0.2153583140949606
0.4757451363377361,0.8444567557339632,-0.06906281429884248,-0.23619839251650787
0.4842686314941511,0.8359203981336601,-0.06487376755274712,-0.2500247484117474
0.4022259219259379,-0.19374711669305328,0.8349570806525196,0.32174995877572315
0.22410431118745094,-0.21188448736331839,-0.21764920262960952,0.926018923303772
0.22925107290786326,-0.19808631018534237,-0.25842050723947874,0.9172919931656661
0.23529489192066683,-0.16841076665158136,-0.2555427313963175,0.9224814577769994
0.24866470655160236,-0.1250744209927823,-0.24220498574237828,0.929440152893375
0.36145922171187767,-0.3202792570487637,-0.49463848765396257,-0.7225657029468923
0.3629000309787009,-0.30424589368870514,-0.5052366644793284,-0.7214387822643178
0.17964198120853192,0.5769844037090357,-0.6534808442617683,0.4558295105046716
0.19321147680436093,0.5751809195503813,-0.6531247082699563,0.45306108910779375
0.21107709902014585,0.5285430664591575,-0.6832570575391889,0.4574368573804257
0.17689024858723032,0.536165343492094,-0.6797269521060257,0.4681963636909255
0.17411465497206818,0.5635572224111434,-0.6872574925184742,0.42398641837848305
0.45951323580245007,0.855942510087287,-0.08127719130723253,-0.2227196078504187
0.44769566392930105,0.8590226062332087,-0.09284228877831202,-0.23028040275631909
0.5109877397662232,-0.2532736180812375,-0.815485142243509,-0.09863055800678462
0.5228905690341954,-0.2644533208761102,-0.8059358187569615,-0.08436438784960527
0.5229137290208915,-0.26549466148031,-0.8068107323252351,-0.07162582587125182
0.5180020463964256,-0.23940226192798686,-0.8171365833276675,-0.08153674693329958
0.025224262624275105,0.11105038638352063,-0.6650475587348132,-0.7380672685331586
0.016698304125381404,0.08152996552939534,-0.6628569406131983,-0.744106650716833
0.01873965050567486,0.10824092251764966,-0.661236464812963,-0.7420910091040778
0.35606076255218233,-0.33192904792835154,-0.5096606250866544,-0.7094292690243456
0.35330584127258213,-0.3476140110102937,-0.5208036892352601,-0.6950561122319199
0.33837178576070476,-0.3434533400898674,-0.502766473168826,-0.7174748854417177
0.19727786730495356,0.585383322312969,-0.6463948828220634,0.4478632207392018
0.20636132847032304,0.5301324071732851,-0.6843126050865138,0.4561698055508833
0.2479441790433357,-0.18226092227033777,-0.8400215476630437,0.44684274611263086
0.2103827429139994,-0.17748162501850445,-0.8518045193956707,0.44572237435637396
0.2058593589018901,-0.1807300433545795,-0.854381698535851,0.4415772740852375
0.5334168789584488,-0.27903181762816903,-0.7898627113534641,-0.11715193215095594
0.5126870635644576,-0.26555127195058037,-0.8094986517823752,-0.10651962064145558
0.5149115867495809,-0.25616313004208147,-0.8124766153729892,-0.09554191807852808
0.5330609881670724,-0.2745634781575422,-0.7952290090326019,-0.08984265439869496
0.7087568197056217,-0.630233546934316,0.26735701031555387,0.17026354828469067
0.0314057273740031,0.08959973097666113,-0.6590125521652501,-0.7461152890711082
0.02515499426795681,0.10372826262071261,-0.6675189276775045,-0.7369030838511548
0.03417042169695558,0.09869704675076771,-0.6699265232786832,-0.7350440317773249
0.34637975385319925,-0.35828892836011017,-0.5186118431547813,-0.694760293968187
0.36096248645298246,-0.32941718059978575,-0.5070572620387358,-0.7099882657573641
0.35836595754639766,-0.3316698214482251,-0.4994876010189696,-0.7155984254039907
0.25811175901715205,-0.1476788065142146,-0.8275879324287009,0.4760961080097135
0.24997775850709847,-0.1488698347172386,-0.8395161979206502,0.45886974839477557
0.24432986132608944,-0.17672671000388218,-0.8354258581129661,0.45949344329575803
0.20905680072851185,-0.19485691749231518,-0.8534024009850343,0.4359247386505281
0.8537355710341631,0.3251207092167631,-0.059540233324680655,0.40235191040307383
0.5016904517950467,-0.27543127218730223,-0.8166864035137885,-0.07394337830177593
0.5258383740068079,-0.2705547866555578,-0.7997780074842173,-0.10319520620754288
0.5214195169049146,-0.25665250420307656,-0.8062742913145682,-0.11033107740852627
0.5243126787945614,-0.24861666263887203,-0.8085259408217875,-0.0978354380162097
0.6886128367901522,-0.6436978679602474,0.29241345489407267,0.16112041207793454
0.05036520719495289,0.09535874322001267,-0.6596725391176166,-0.7437756362841054
0.04013881125901647,0.10887361838904931,-0.6610173529224476,-0.7413443667992555
0.018537415271082543,0.12144891945623411,-0.660482646750534,-0.7407220784743694
0.328323645531789,-0.353849785346708,-0.5033441623600067,-0.7166858219700653
0.34978828803495454,-0.33182096805739497,-0.49792880042406024,-0.7208397245014215
0.35120386318372526,-0.3745152606689887,-0.494847046755908,-0.7010852775004071
0.239732658533418,-0.1517586473421515,-0.8354439047488281,0.47067084826597366
0.20328467905567987,-0.2001693691489247,-0.8432519617137963,0.4555586592104084
0.18802382195522782,-0.11632156573395276,-0.4408108198242876,0.8699437664863114
0.19332199114742257,-0.11695186163248492,-0.4477133510770843,0.865159884106296
0.876297952553062,0.31904089134498037,-0.05056153283030047,0.35743298588541383
0.4941677203814385,-0.25455995934076064,-0.8273720092050626,-0.0803308758661366
0.5234772127887488,-0.25319085875404185,-0.8088490654097821,-0.08734521234753355
0.5426494554536788,-0.25999001843305136,-0.7909681289152214,-0.11093321347261807
0.6799849055420598,-0.6495814641225106,0.2967997885166069,0.16605521744259935
0.6856187242536038,-0.6483942779534596,0.2820692723471112,0.1730570740179202
0.6661399304247785,-0.6623225295561773,0.28124355592027245,0.19618491835331905
0.025854023370214266,0.1117405568110953,-0.6639029050284055,-0.7389712782875684
0.024349958934166183,0.315359005395624,0.423825273072628,-0.8487213412662012
0.024024801119775487,0.2955121433394957,0.43289745732053525,-0.8512902992020219
0.013654078708809718,0.28696669162564864,0.4277406350708871,-0.857030707233526
0.010455832567733723,0.2805438505099835,0.4348757662379664,-0.8556102450562927
0.3323211540754305,-0.3223253442207224,-0.4982618617077266,-0.7330785361709325
0.22497178134998078,-0.19263520959307256,-0.8254583829621789,0.48051829478045305
0.22222733948043202,-0.11251178420224835,-0.4363487519523141,0.8646131358432704
0.21061387634889564,-0.06564490919868116,-0.435061000660711,0.8729573109205798
0.0893009165310333,-0.8519588773398523,0.1252938799214967,0.5004926186096591
0.0640556546369854,-0.8494022781332669,0.1240362688808532,0.5089475876877307
0.5301186529149966,-0.2552671008120576,-0.8043396886588041,-0.0827682688163441
0.5173711616956833,-0.241159438916996,-0.8165096223469326,-0.08649417715527744
0.6781366819369663,-0.6629347177513987,0.26736123105428006,0.17078106669222815
0.6832790665117079,-0.6580565608613845,0.26061335231971605,0.17936543860748547
0.6832906708991959,-0.6574271823476071,0.2716556009355283,0.16464080130080136
0.023698096334754726,-0.33225162989572904,-0.4215650105947212,0.8434039343659792
0.0009981529557392167,-0.30804969709731234,-0.43652137834773314,0.845312648701252
0.0038135640472210753,-0.3043232386759354,-0.43530080143121813,0.8472815561573299
0.004316085057731248,-0.30380161928492905,-0.4354218290177888,0.8474041410946922
0.031788717521647615,0.30484350644065583,0.42087914063857046,-0.8537685066776786
0.00685339003705613,0.3169435935423294,0.4367165385382602,-0.8418898113913929
0.21021783619903794,-0.1258109257873529,-0.4560839646225314,0.8555509859210714
0.2092337011233138,-0.06806900996774459,-0.47413046723313773,0.8525187201683828
0.08698603737401966,-0.8533838226070517,0.10577593951289686,0.5029720978689632
0.06931579715662982,-0.8387916642994901,0.1289275732001442,0.5244058972160344
0.08258079015097007,-0.8406978277123348,0.13231093711925027,0.518557028200784
0.09756454452832941,-0.8453192735146361,0.11542574149795422,0.5124386633298809
0.06832557774209366,-0.8512784532896487,0.10853252952439486,0.5087998628400257
0.37394219659631334,-0.6061426297291221,0.5740010571767187,0.404080601352995
0.3896474753873439,-0.5769606592361661,0.5886349345220859,0.41085296211444994
0.38839262342031605,-0.6018895937532098,0.5721875770207312,0.39935130362554905
0.014923197014620781,-0.31965173526577734,-0.45446416277567925,0.8313016246134981
0.023089521966045072,-0.3116628745903158,-0.4495181582215647,0.8368193066645708
0.010684704912057445,-0.3174130704514858,-0.4417147606096523,0.8390606950912789
0.00035348877053014544,-0.32438403800531496,-0.43230524650497487,0.8413602348443433
0.0057917939489045564,0.3277337850824517,0.43016160196964903,-0.8411409022448546
0.017188017840975255,0.33044683138940706,0.4292170716832936,-0.8404059549069234
0.20328199713155518,-0.11718578558139107,-0.46231087356370454,0.8551096873996008
0.5963627986026329,0.37422845838029534,0.5379461650483555,-0.4635929215280478
0.6114549282197399,0.36517689974953527,0.5266423203411609,-0.4641299053829528
0.6135073156870261,0.3678783610000462,0.5236400017231199,-0.46268286514828977
0.09275287266766243,-0.8566089713906941,0.10930812285664993,0.4956507934245933
0.09701559668742463,-0.830891129268977,0.1286116130047188,0.5326039413127092
0.08298057583854736,-0.8467454651440389,0.10986353811088309,0.5138738602860307
0.3783494020785055,-0.6064703648495663,0.5675780843756826,0.4085346308974332
0.36491724068315934,-0.5876936519489856,0.5913954543004548,0.4143706016886485
0.39315128446088854,-0.5980151009839574,0.5770113749610029,0.39353256496446853
0.3428066987110017,-0.6015320037937414,0.5851891002423785,0.42213331151221206
0.9422080761779884,0.2075890365658636,-0.12309529365629085,-0.2323753036841527
0.9317695077191906,0.2205718887653536,-0.13709514449864368,-0.2536898652412381
0.9317399357111145,0.21488773433130598,-0.11397276220457547,-0.2696185514953776
0.9242549750558422,0.22848073378665512,-0.15368055725997778,-0.2644458010502323
0.9208973053518307,0.2490828281883837,-0.16395434236324813,-0.2510475479219988
0.6034336497526338,0.3831871251474373,0.5303226436826869,-0.4558435598589322
0.5942499151610504,0.3643473353158986,0.5405764632282395,-0.4710574752436653
0.6172649054560938,0.3618026889096897,0.5243264118403579,-0.4616975900268632
0.623940075145016,0.3674972616898775,0.5191336981990087,-0.45403166042985826
0.6220004099882729,0.35116835612516156,0.5297715801517122,-0.4573164642720948
0.6268254777910794,0.36633842995582033,0.520134639798567,-0.44982878032769813
0.07206769281042298,-0.8532131674700445,0.084847811918336,0.5095433125077663
0.3577033243920919,-0.5929083938445195,0.5842160740764647,0.4233196747355843
0.37732138840248025,-0.5939074567355282,0.5733192330261397,0.4197708419248297
0.39078993987000066,-0.5910309200257605,0.5679175521650089,0.41885000705838443
0.45945961176487127,-0.43217272494527076,-0.48266726835199936,0.6075820183579105
0.92647230876559,0.23223765671590627,-0.1675356834195834,-0.24422638406772376
0.9317032382903876,0.22841515654151645,-0.141042850911364,-0.2446681553208646
0.9244126412363234,0.23263009166789986,-0.13251451456478885,-0.27163286362796274
0.9247065507913808,0.23379265125915744,-0.17031115797475968,-0.24749323346309515
0.9259244020423538,0.23437680183860385,-0.18274243980545762,-0.23310237484068255
0.5925417572184879,0.37810731460847063,0.5230433368848176,-0.4820319411951792
0.6102211644473873,0.36351431884045143,0.5367505316733601,-0.4553969007435192
0.6179620365729183,0.360763569458453,0.536688752499305,-0.44714399386214176
0.6255128321533642,0.35760512338346506,0.5281680316718265,-0.44932260444059857
0.6311021018979069,0.3666978670864045,0.5153323157558021,-0.4490828604969109
0.6257711947375602,0.3527635189526884,0.5295235167895321,-0.45119082071745314
0.6117102458339901,0.33860436124435955,0.5480294807295096,-0.45915286119043486
0.6240044093115541,0.34745258631009357,0.5337835026948098,-0.45273653450657775
0.36126779754644517,-0.6146810442302013,0.5567487980323308,0.42624355503580935
0.44195732455361836,-0.4412177405910068,-0.4972203381485142,0.6023060384826406
0.44727443134144435,-0.4269620588594496,-0.49004913953966117,0.6144109570955951
0.4344244433218512,-0.43350723724843265,-0.488023275253178,0.6206288432782445
0.9367602402603036,0.20865945428383806,-0.14952651235963457,-0.2378724584877229
0.9352555126001662,0.21420714430623966,-0.13388003003487825,-0.2479688751376402
0.9342701380738867,0.2257886308065952,-0.15130483868789535,-0.23079352047125062
0.9397281376622331,0.21794862272627322,-0.15268394088104892,-0.21470221082844973
0.6066115922292585,0.35632597246924996,0.5388982771076939,-0.4632956123764678
0.6303197140063036,0.3689167637069438,0.5173799798125481,-0.4459993678024375
0.6378689656930254,0.3710120521612354,0.5143737283023838,-0.43691292884180516
0.6347629914418335,0.37856467512287534,0.5157994387718505,-0.43326166505654606
0.6387710208351791,0.3706124157380818,0.5216124792112663,-0.4272451775889845
0.6429061649930338,0.3713267829358107,0.5191348047865183,-0.4234231190520364
0.6354346230287791,0.3616565581347754,0.5268390463001822,-0.4334374154452936
0.6260457992162567,0.35554999308048735,0.53338200900246,-0.4440208240349135
0.015881891197374015,0.21777356790591204,0.352721532374293,0.9098955760157615
0.4545233138753068,-0.44638518745645195,-0.4950097134461555,0.5908588707612273
0.4537911145305951,-0.4287392492901484,-0.49188194239225286,0.6068842024963452
0.4673738799042498,-0.4506745826431529,-0.49505312390397865,0.5773876353504461
0.4584555935459827,-0.4321305989788503,-0.48759852295485717,0.6044247633782244
0.44862457696586433,-0.4241265101547063,-0.49530034327159356,0.6111712217384182
0.9373559613806893,0.23143449082166848,-0.13485306104470707,-0.22274768247744212
0.9378435297957423,0.2485049041867213,-0.13837867767026954,-0.1988621828846275
0.6139026602555329,0.36686310946745326,0.5283571469034863,-0.45757371860614865
0.6244398966563963,0.3804235534900753,0.533022686493411,-0.4257223873571603
0.612105006170533,0.3797514302754877,0.5241608806603593,-0.4542815028262212
0.6456511507608161,0.3763949382526891,0.5188186962099778,-0.41507662237467347
0.6434195239805364,0.3741557488618063,0.5292530414413064,-0.4073205247461117
0.632287321674141,0.36602847171557584,0.5344498479544938,-0.4249697174683389
0.6285392440631875,0.3620873536409717,0.5285699889687671,-0.4409591066837291
0.014972766847212854,0.1975702402979707,0.37395592364743807,0.9060346481070868
0.024153139436206093,0.22632915251310975,0.3385760603259445,0.9129939714763922
0.44513652300451717,-0.44194454711278913,-0.4974335503442084,0.5992481590765856
0.4592898493793556,-0.441336502571731,-0.4880974311046619,0.5966873750163241
0.4488395449179021,-0.4308819591679824,-0.4879010654076065,0.6122388019029619
0.4434563284633813,-0.42411239014399377,-0.4929456232424636,0.6168304287226966
0.46409608388865486,-0.4375622915738398,-0.4864686963084969,0.5970781133350779
0.44938688526819226,-0.4283504251073087,-0.500803212067165,0.6031280821206644
0.936557697789582,0.24567388234329443,-0.1376502765263192,-0.20870175758167225
0.6075959824002268,0.37203707463451396,0.5364817498925878,-0.45233048681321875
0.6178239618371142,0.3760419869593253,0.5256751224690547,-0.44782992512863523
0.5946197174466447,0.3849916545488718,0.5373196887643127,-0.45770773384073044
0.6295991760036839,0.37419898398642426,0.5248257132390765,-0.4337487391129855
0.5224145944964467,0.07404657294921073,0.8391977092063704,-0.13170915440610348
0.511388643956796,0.0814939515959779,0.8444982763755091,-0.13661278082264589
0.5094919391450858,0.09810478718031951,0.8437667265748763,-0.13729940205114702
0.49709560783732915,0.11417535761208322,0.8506636798279116,-0.12740191601630504
0.37263185792073666,-0.3161219688234394,0.7334719850069886,0.4724735405286102
0.34703076515152664,-0.31755384425295813,0.7509638103569335,0.46344639341860216
0.8589761825291181,0.4834937557157674,0.16670383592485255,-0.024566992479843664
0.8527370196417369,0.5002112353183192,0.14216182385576429,-0.04917632796226367
0.8493983557496695,0.5098310830684809,0.12988985126572872,-0.041512968156284136
0.8560472905091534,0.49749829962319814,0.14000685469288468,-0.008749795595859264
0.8435583143122168,0.5218671799312518,0.11974558122043048,-0.04153327152434736
0.8515033371285963,0.5034545658333961,0.1403415819877796,0.042187763220372015
0.646287665307975,0.37044592814073296,0.5256803769266828,-0.41078243549224275
0.48299139370310346,0.8421881758367155,-0.10066517764032933,-0.21749692434653087
0.4598554865163114,0.8533582997326432,-0.08585074303251229,-0.23009170719307645
0.5413896106534729,0.10843980862128917,0.8236449766601283,-0.12941039295665593
0.5364552444131487,0.10697643079583885,0.8265470819473101,-0.13263383927263347
0.5102074092027037,0.08566653466524378,0.8468406829110563,-0.12333086474945804
0.5073929038171111,0.09491915825169259,0.8471940874881353,-0.12571782959459557
0.4993805706419261,0.09744239054959726,0.8537904037094046,-0.11029946837159267
0.23593350502710203,-0.13827432576072687,-0.25253524958155166,0.9281387502738081
0.23177400218670483,-0.14219235628399496,-0.24625645457982,0.930279476449169
0.2248652491161923,-0.19284187383725684,-0.24196640874826533,0.9239588131904559
0.25628238997264907,-0.18049446749335823,-0.2402360764448221,0.918709808028952
0.8574841040489908,0.49566336500342084,0.1379811156374665,0.00022720965050866348
0.8494195409513584,0.5106745852104865,0.13236437547575922,0.013326048738974956
0.8546423034140349,0.5008430274015301,0.1368871792996339,-0.0021668552819307436
0.17039848248887587,0.5782615210047134,-0.6550324467525057,0.45553316475557476
0.17802285987268152,0.5734924923931289,-0.6439660069401208,0.47404852540332293
0.4961079467183637,0.8328140075814777,-0.09577579825562008,-0.22610778502180398
0.4859066305078969,0.8380434670557866,-0.09551975203603283,-0.2290281002946009
0.47523132371874327,0.8495041786778613,-0.09618997883083263,-0.2079551089488002
0.5208050961310823,0.08224226245279523,0.8420169358120889,-0.11404271969819195
0.5315954866671062,0.08433745729192531,0.8327732819200767,-0.1295457169217097
0.5165048888150792,0.09723973190399748,0.8427691413963285,-0.11622094767922285
0.5112634236178856,0.07614399020589666,0.8495899761873011,-0.1049222416273303
0.2448692233462041,-0.14457752677658142,-0.24020636913199614,0.9281364675722084
0.2512331211664591,-0.14158370333963663,-0.2371885125644597,0.9276732093172962
0.23516714654805806,-0.1952874268158137,-0.22252296210731626,0.9257660425005274
0.22695920146906598,-0.18929575288898381,-0.2457151106224963,0.923190512959536
0.21604035900911742,-0.22050307402348557,-0.23125964784514416,0.9226179777697511
0.2655053643407639,-0.19379017430405454,-0.2026870491800818,0.922426273446368
0.19423357547248576,0.5582885411260263,-0.6530205028797816,0.4734463494686434
0.18616634771314508,0.5823489197845353,-0.6362041624132443,0.470591213616442
0.20811590972740765,0.5766036853495027,-0.6446181061736563,0.4568188430360486
0.2569356401194953,-0.18380286410568514,-0.8313147157823672,0.45729249644687436
0.4834028036520038,0.8354743850802872,-0.07998993610538029,-0.2488089456148144
0.4763581764964934,0.8448897226562162,-0.09466675145690548,-0.22423748661504925
0.5220559853588402,0.08828804396197348,0.8404890390218632,-0.11506930402363522
0.5162944987033204,0.09949764891393559,0.8431461355264037,-0.11244911122893653
0.517895346673907,0.07479972184027332,0.8454282739236001,-0.10696001662627871
0.3895185837238239,-0.193426521657598,0.8413993227723825,0.3207937550692118
0.24012495773689488,-0.1523877247532724,-0.225465014381377,0.9318173175608945
0.2477527290256466,-0.15800365385899162,-0.23666130520039994,0.9260911711318685
0.22655881863366636,-0.19904905166301137,-0.2584688120652183,0.9177387699781285
0.23397852826603371,-0.1898091214028559,-0.2512548994228089,0.9198355946900354
0.24819242267544345,-0.15163098371534375,-0.2040616474069942,0.9347552675227644
0.21834188266324567,-0.16822557241808395,-0.19499380012935796,0.9412780657015172
0.061529826579264014,-0.6529021220896996,0.3193918645869079,-0.6840480511247664
0.21944605275480114,-0.2169947989542284,-0.8396178175893693,0.44698837517726975
0.23430302669724623,-0.20716373207349487,-0.8298846458304588,0.4620354471344647
0.23727224856449017,-0.17285958597106807,-0.8324130643773806,0.47001056780983197
0.22783648515124108,-0.1835438474566149,-0.8296462238237666,0.4754885228790657
0.4896434246682668,0.837114465602126,-0.08389777027062037,-0.2290193273556112
0.49326828652883675,0.8330925904651897,-0.08516420286957684,-0.2353512094009605
0.5093104888118313,0.07264328591901799,0.8489081817146995,-0.12116384780529244
0.5106409308385624,0.0791554045354563,0.8466828716749167,-0.12691877913638847
0.4284609504898413,-0.2087784386417359,0.8308689097940697,0.287210083738846
0.2311350023769497,-0.18500646673135282,-0.22876726522577887,0.9273698055818438
0.24439936979953078,-0.18022646453686014,-0.24392159481122974,0.9210263976167472
0.2296095327727515,-0.2018935745740535,-0.24621577277763412,0.9197261767727949
0.24607505031565277,-0.12917452457088818,-0.21633044518542174,0.9359284963606522
0.3583665959698235,-0.32199823490426965,-0.5175063871570985,-0.7071616921632163
0.3676900847348966,-0.32288187044288474,-0.5025434079053143,-0.7127421851538337
0.34528252384613867,-0.3443167692972025,-0.49633897726033904,-0.7182433854615986
0.24005648064733745,-0.19015602839295156,-0.8294473848073204,0.46715158867473694
0.25038009010630025,-0.16135702038791352,-0.8313958890092481,0.4690997742361613
0.2314710188437034,-0.1692653133988442,-0.8305697953225455,0.4774141139653435
0.2279448773783152,-0.18256611473939433,-0.8459126493241301,0.4462538922400326
0.22899831600168433,-0.18922257630603015,-0.8438010715514297,0.4469388543561193
0.530659413220403,-0.27304246727946097,-0.7959378123116873,-0.10164348063209577
0.5136995469158667,-0.2556990595831981,-0.8142423584646685,-0.08797811153119742
0.519880636370219,-0.25925180463341807,-0.8054792043125922,-0.11711480325546227
0.5144913433540185,-0.2590494581762086,-0.8128904350615992,-0.08603009018799236
0.024180747852351202,0.10535210643555572,-0.6613332800802125,-0.7422631054829815
0.009537544501582207,-0.09347620665678194,0.6595948117062984,0.7457250957317125
4.476966597502329e-05,-0.10005724804365715,0.6620620839951019,0.7427397539149697
0.03950968846480122,0.11585758010277428,-0.6572923619608968,-0.7436281036633898
0.3524258913878353,-0.3276049935671881,-0.4958468263147802,-0.7229155442393618
0.3412025776017834,-0.35798483512224605,-0.4928469503790164,-0.715911686147461
0.3501611178466561,-0.33797202088071987,-0.50047897069164,-0.7160187878440196
0.22950198295905036,-0.16569746117184653,-0.8392685412793839,0.4642213984704317
0.2386627942469889,-0.16869977105296158,-0.8413108886500694,0.4547267822855044
0.24848344481946621,-0.15479489084585554,-0.8366334243556861,0.4629676367410033
0.24195361786879158,-0.16011929217614843,-0.8445434738405483,0.4500739715497346
0.21285729402903322,-0.1833068431722183,-0.846820222712216,0.45164796471422997
0.5322615950418884,-0.26864773945130194,-0.7960659334472312,-0.10394717954787834
0.5210165595074551,-0.2850905051814141,-0.7985453467455467,-0.09793098470583948
0.5264954583102067,-0.25445176700662975,-0.804748869473037,-0.10215717169048048
0.6854866506331382,-0.6441419203054756,0.29752390768845405,0.16330573371051213
0.691275837286294,-0.6493578859457507,0.2768012704865614,0.15444451884487223
0.028677330031326217,0.10295651940661356,-0.6647306500229092,-0.7393988969251108
0.025583819419887622,0.1066213211067031,-0.6564568207997442,-0.7463523326786381
0.0551278950923254,0.0930781310171905,-0.6499743451858778,-0.7522172075333198
0.360969078450836,-0.32944351044872483,-0.508088310031429,-0.7092351986717677
0.37677889882577714,-0.35621330373996296,-0.4980915325163734,-0.6950212722455237
0.3678338074426973,-0.32281798061786626,-0.5117391506416984,-0.7061231359986194
0.2187842296338445,-0.17080611570110923,-0.8489415038168261,0.4497299798766481
0.24213744723772282,-0.15918335190880628,-0.8330453185444371,0.47123838380534505
0.20947945660492756,-0.19475481817613335,-0.8457924635000866,0.45035988580705116
0.20716563677637495,-0.10227518779236382,-0.4471215971031222,0.8641206294870116
0.21552246989757667,-0.09655091233885214,-0.45465810375710547,0.8587863500218065
0.5045827498322568,-0.27801903659790855,-0.8122219062931938,-0.09163644907098724
0.5120540554709809,-0.27244658701504165,-0.8081527931129059,-0.1022866779369913
0.5255086567086183,-0.2660981159160998,-0.802360542417836,-0.09617694318890267
0.6755534736973204,-0.6528439488073761,0.3031327767423241,0.15978986934585138
0.6758404168981944,-0.660621916424822,0.28417615769383286,0.1614383034612302
0.04148161025163966,0.10740113342308671,-0.6726466506945437,-0.7309519518133734
0.03425285711324066,0.10669309380033644,-0.6611597730673652,-0.7418295491502094
0.07297169417865614,0.08293402262989705,-0.6582921537930553,-0.7446130001508307
0.3516857163086816,-0.34026124570285776,-0.5098621411787234,-0.7075168115386635
0.34574478415969,-0.372261674085385,-0.5005145109227208,-0.7009757589170297
0.3390684656348104,-0.320156384835518,-0.5182136603484462,-0.7169289135537584
0.23710468801833712,-0.15940571536533898,-0.8303874386218614,0.4783595787769031
0.23454811258147856,-0.16608934061067906,-0.8405292537533507,0.45925166020909597
0.20073739553851333,-0.09211999243024774,-0.42831088960229774,0.876223822362274
0.2115756944463434,-0.10633852702169067,-0.434752127173923,0.8688604209584839
0.23066220356816713,-0.06973308895083061,-0.40059917574029813,0.8839980455558976
0.513608898431166,-0.27595435594393825,-0.8084744010881876,-0.0801513298266913
0.5273825691360043,-0.2477817182053137,-0.8067622381853267,-0.09801294268071209
0.6842380187332869,-0.6547032888836347,0.29096466267933363,0.1360937262213061
0.6832896596565067,-0.6490211144986546,0.29238566679506633,0.16247293865202297
0.6635141081234739,-0.6749165506613239,0.27768376560193986,0.16470702561110934
0.6810923523693483,-0.6571132114301127,0.2699672210173869,0.17729392117086526
0.030357743897249923,0.10212511940000035,-0.6721471791594338,-0.7327121105325206
0.026594704994790025,0.28104940517104343,0.46000176500866624,-0.8418445995004985
0.009028635850687585,0.3128697158250032,0.4317005511216734,-0.8459702470036998
0.019304704695460414,0.2952033223995023,0.43079045097072266,-0.8525854292523173
0.021609213887304114,0.29507540689295664,0.40852277299593137,-0.8634655117987305
0.5378536641760703,0.3823057079801985,0.7386445860353965,-0.13769516004105697
0.19476428898734913,-0.1176401328186984,-0.4607208317664053,0.857883433842922
0.19938730795008264,-0.12446771958028624,-0.45653532619166776,0.858095556537831
0.21021279413305077,-0.07117203000262777,-0.43575178004404386,0.8722760512111565
0.2338632462727111,-0.040426634977352674,-0.4325301365410797,0.8698225969765054
0.07533310417475783,-0.854177664246896,0.13054746583145535,0.4976573122964208
0.09720525842355203,-0.8423355486762781,0.139975774481395,0.5113010304403637
0.36700991374248465,-0.6073049163592292,0.5918234642592998,0.3823995932696124
0.37974802069559005,-0.58529161782628,0.5888479646976806,0.4080235745045582
0.37316905323146393,-0.5750591002409793,0.6101045122743729,0.397271158080747
0.40011417229488755,-0.5814840819921029,0.5747577906357405,0.4140511968610896
0.00036026146449993283,-0.3074466217057781,-0.45342704776678144,0.8365885233296488
0.013490753141337259,0.29267272903442004,0.467532298701346,-0.834010924946586
0.023328598995551016,0.30386078455373855,0.42551759709993636,-0.8520910600620027
0.019280317934249027,0.29626735525620523,0.44499929018295564,-0.8448843443256085
0.025713653225576342,0.3063831441257115,0.414010006638307,-0.8567752864297542
0.5383843899058379,0.38510912521092444,0.7394680898140297,-0.12255674005041764
0.2093446121552691,-0.06697724137501744,-0.4395853594935534,0.8708924125391586
0.20161518986964763,-0.0595887336999772,-0.46800219371894014,0.858355663291225
0.2281029237095985,-0.07435152905138757,-0.4524701842942027,0.8589014138116342
0.0866265462046319,-0.8505399836236157,0.09928639066305253,0.5091363180713985
0.06293554697985186,-0.8336690612237887,0.14485462044325131,0.5291995391351313
0.07756343682546493,-0.8355146252318626,0.11532492147715033,0.5316007776308944
0.07280236031051039,-0.8548044826109512,0.10204030805075359,0.5035840430100521
0.3978568914057556,-0.5710913972697166,0.5976307049244208,0.3979975508178557
0.3853409802380812,-0.5857443713036402,0.5867275623949197,0.40517481160774743
0.40032354114289576,-0.5956059605013662,0.5674831190892708,0.40367996206248585
0.002674598092632684,-0.31478785940795817,-0.44755602286144586,0.8370155652643764
0.007804152281266189,-0.3004377500153361,-0.46521042379818633,0.8326196701750477
0.0007017279595372633,-0.30850750079497796,-0.4440293540292246,0.8412256310238634
0.008612086342655863,-0.29986405189980125,-0.44760315222733194,0.8424124883115254
0.0023229641375720872,-0.310461387338027,-0.4193129832013686,0.853103131472703
0.550056076673924,0.3741344683957004,0.7367211880661149,-0.12125841466392871
0.19929312399288412,-0.12741250101087492,-0.4560523799197224,0.8579420330563529
0.22010347173251554,-0.08358813672046626,-0.46967609166570073,0.850865356004419
0.08319284317354358,-0.8609195636246962,0.0854122730745529,0.49457173334229587
0.07873182431091212,-0.8213593115046761,0.14038762167122365,0.5472307529066123
0.09296290234818155,-0.8309144435222683,0.13980471906937217,0.5304655755645372
0.0746500945994639,-0.8566332031905306,0.09172526963756812,0.5021886034924906
0.0885772400238451,-0.8385931027555288,0.1382855571808136,0.5194158114996167
0.3817873227742079,-0.6056731093839616,0.570841722114824,0.40191821684398543
0.3737472201763488,-0.5785069824563563,0.5979287025868487,0.41002921027958594
0.38761542819886624,-0.6053095471130743,0.5802497103689844,0.382968543894514
0.9393107679455686,0.22189993686375709,-0.16756133524318076,-0.20094501280919952
0.9383690872430623,0.22063030605695505,-0.15168678710334177,-0.21857914533207873
0.9300660932040261,0.23350522545496166,-0.1454632388094805,-0.24350116655261325
0.9275783244319525,0.23645304423679306,-0.12219160264866578,-0.26221674652339677
0.9257547996149658,0.23060573789861366,-0.1304052598639988,-0.2698027294856257
0.9220274843937717,0.2563075014871186,-0.1613415412425183,-0.24112380590354976
0.2133900951127175,-0.10490967737799016,-0.47937821175317386,0.8447811296404298
0.6451279532947907,0.35855096344657206,0.5032404143263427,-0.449444341245788
0.6313592592875401,0.3519352900090881,0.5180316038291637,-0.45735139093731025
0.07838010615421168,-0.8195356472661897,0.15493861241530063,0.5460878209611194
0.08905254677502168,-0.8495565883915157,0.09263008701682976,0.5116081645289743
0.09256868537464899,-0.819363479314968,0.12433300497871369,0.5519201311112347
0.09982217811138461,-0.8378658117489161,0.10316049578185821,0.5266633900030173
0.37522736436825405,-0.6083227374322631,0.5522222033129124,0.4291835392001936
0.3663713444645483,-0.5658282796154464,0.6045932662202337,0.42435525021356024
0.40584409088690065,-0.5969869927545853,0.5704804732819547,0.39172584032460595
0.9308814415168967,0.21487882068251743,-0.18230594743689485,-0.23248951759305422
0.9382971021538108,0.2045203600176104,-0.17043105104252265,-0.2207333850340028
0.9324752627317008,0.21251370100791414,-0.16491901149372418,-0.24110066554304085
0.9342030537133111,0.2078115849133696,-0.13368957967858655,-0.2573054525148674
0.9268891108919411,0.23317852113879245,-0.15699622907330454,-0.24870974537849366
0.9277480514875577,0.2457366450960968,-0.1855094099950748,-0.21091067545582978
0.9302386352972999,0.2304204684337784,-0.17437208826275805,-0.22617883181646387
0.6337801390133941,0.3609498411386668,0.5048012252076196,-0.46175065847600066
0.6462434384356317,0.36363421168990495,0.5007560717935374,-0.4465231628140458
0.6395663504647315,0.3596258346683145,0.5080430981078343,-0.4511278675246475
0.6234768139735147,0.3581160323476424,0.5279229904397928,-0.4520253156385425
0.0801968719224094,-0.8326215892007813,0.1305910960633691,0.5322177341648754
0.08500803145087413,-0.841498413136451,0.08739475376627262,0.5263232963605303
0.3690696126862713,0.5482328507057375,-0.3412815105787537,-0.668397556051599
0.3574452842058209,0.5493977499569919,-0.3402941363117185,-0.6742365177985217
0.4147037866977615,-0.5655341641376721,0.5935931323770494,0.3947645775477393
0.9330044416240167,0.2289133553427958,-0.14318475515564608,-0.23790652270708645
0.9377601728683757,0.2202031056846947,-0.1564977090253364,-0.2182313394050237
0.9339423551240867,0.21022503069382475,-0.1593089620789672,-0.24120068071292194
0.9247072841694232,0.23291338361232972,-0.15789862377544925,-0.2563899743517376
0.933335482372059,0.23044652949152927,-0.14196929172599046,-0.23584739684263345
0.9376554089620771,0.22051750664963707,-0.15969546407979593,-0.21603639058622978
0.6127934816763149,0.3564497710022165,0.5263460058717145,-0.46945456827086113
0.6332403830079425,0.3766634483918023,0.5142577632131293,-0.43894215672293263
0.627642051003132,0.3744735048427552,0.5186621232310886,-0.44364924423330654
0.6336491817072162,0.37264247476151174,0.5150884514136111,-0.4408062927701004
0.6273611265606635,0.3795125379137017,0.5233582098568904,-0.4341479409397534
0.5977112256848699,0.3744822039956596,0.541301990271085,-0.4577079034814735
0.006107672824748839,0.20689941771697043,0.34917425507483724,0.9139106449068076
0.008631752418878957,0.23805892818324947,0.3447933882969755,0.9079487644956146
0.0028657470162477996,0.23002755926391102,0.33663282531234956,0.9131031981081612
0.3611688183587615,0.544290593379378,-0.36141406006278026,-0.6653455581823611
0.8456470356717726,0.5092319483442608,0.1483439654811363,-0.05964882019272058
0.9327083174326167,0.22148639558692343,-0.1343466397630764,-0.2508982892454635
0.9286679057974457,0.22681189324979667,-0.15353064396560362,-0.25012122498048117
0.9280485494015217,0.22350171572210778,-0.18346640823300928,-0.23476147484858836
0.9461192638058346,0.2184559879756097,-0.12549873873506368,-0.20343398572759247
0.9365234540095642,0.250381230669875,-0.1429981077214913,-0.19946077460570402
0.7019695744172785,0.6429200487413532,0.14380224431410693,0.27057982565052213
0.694437363983089,0.6448911956911676,0.13698887640356125,0.288281357298603
0.6844691297907359,0.654060099484876,0.16298042878220587,0.2777494850747978
0.6276246798654977,0.38219489859259903,0.5164818545250036,-0.43961439314464856
0.6071543435113143,0.3761668133137143,0.5289868068339966,-0.4582958541295376
0.07122859814573661,0.21822513002063507,0.34902371256639736,0.9085630013928803
0.05470492061657315,0.20963082587715023,0.35119474724949773,0.9108921659597035
0.04148488214464386,0.21699335550712867,0.3382234379803525,0.9147665244312084
0.03573156442227548,0.21003427457193863,0.3464991092156873,0.9135355636874306
0.3613074675332952,-0.3187900435715828,0.7363705626938257,0.474961278866271
0.8517883724117085,0.49926152264861057,0.14816834401347082,-0.05692664103132391
0.8490039403847971,0.5058736452124081,0.1395246791935665,-0.06178210247742527
0.8509859470057558,0.49981874853528324,0.15942863219928,-0.024220814321715776
0.8497205536893073,0.5038766639290676,0.1432228426997264,-0.0597537071206467
0.860281571922757,0.48470785523662924,0.1580226293469895,0.0016615343153808617
0.9316209684653322,0.2444748966031471,-0.156766590439875,-0.2184917210524321
0.6795976360372709,0.6608945154499914,0.1484286999807469,0.28166365325100046
0.6823869240203124,0.6717735609624432,0.1558828010238893,0.24242302090123713
0.6709438516099486,0.6764704935906865,0.15521154764601486,0.26101991258390445
0.5390802293378852,0.12935088294583036,0.8250649525350844,-0.1092184943882047
0.5266984743649102,0.1124257766869977,0.8346120665418553,-0.11563675981596452
0.4840793960952784,0.09443789469481151,0.8618664010632094,-0.11804630040790583
0.05711129518259134,0.2163250289545755,0.355955373223234,0.90732439297303
0.06209960478464352,0.2108590252472133,0.34036460639642824,0.9142395994869128
0.3658896207229595,-0.32624448523139066,0.7358228029211881,0.4671767588445731
0.3503109492534172,-0.3286376598238706,0.7455863306867125,0.46193132700844597
0.8584599425589541,0.4872522289882622,0.1537743230341583,-0.04455614371816575
0.8534679726081816,0.4975304576004498,0.13790026591028956,-0.07098859171612486
0.8539897162380812,0.5026696435937613,0.13073764055091228,-0.03053626224840362
0.8526770357683653,0.5060003046190114,0.1266643595135153,-0.029354802465230888
0.8574666245591726,0.4998609235741154,0.11755856059668011,-0.03271130815433991
0.8647661172010532,0.47270323177040385,0.14304797549347764,0.09093125932289499
0.6895291833495736,0.6471944772141085,0.13460122250311302,0.2959245256370185
0.6967597304837915,0.6654652532149314,0.14647347575061564,0.22411469305084686
0.5356488417557593,0.11750645329479874,0.8273017842073065,-0.12183722586795234
0.5245208247077908,0.11796576744976996,0.8369855261190197,-0.10206474036176198
0.5278308079564029,0.10848549207977712,0.8349914868178204,-0.1114215110383326
0.514002996573649,0.07710492454596857,0.8492905765495373,-0.09252711336805243
0.5232088381057536,0.10728258925126585,0.8394732661306028,-0.10013787107578012
0.5185158473512459,0.0868368145947693,0.8444103994610285,-0.10281906904227259
0.3539213382246565,-0.32573046542080464,0.7422557775804429,0.46657872957783486
0.35760829311040276,-0.31904909603441123,0.7359495571467853,0.4782282220381185
0.856465614657629,0.492390297313589,0.15487989433777155,-0.005537540111442891
0.8558762809583744,0.4997136921573516,0.13262287465724654,-0.013160193044839693
0.8466616080966559,0.5185801443913696,0.11693870454802885,-0.02375067571332814
0.8459497311896668,0.5144283268327019,0.14008217381441807,0.010465822073041189
0.85506321356549,0.49734356979492433,0.13030438477113923,0.06735756601981485
0.8619447141873199,0.48458515831502147,0.14099574901501302,0.048463726487348806
0.21042162586451948,-0.24294390362349783,-0.8346767012174576,0.44723126400717095
0.24527206341538424,-0.2160126113227227,-0.8375953434791876,0.43773760089747815
0.527360451426866,0.12915316299140056,0.8335367953337233,-0.10211182881995304
0.5096798379335743,0.12270089200715192,0.8447362283752115,-0.1076645641568169
0.5013461610967843,0.07202716923019051,0.8571600894484768,-0.09349168253316524
0.5276499869209951,0.10276512230099766,0.8351834100009936,-0.1161614936192158
0.5313757388825824,0.08205355899599154,0.8358465688285972,-0.11075897688468458
0.3759827137724506,-0.20260849660199085,0.842963444371925,0.327107669585421
0.3780560469460494,-0.18539177816119426,0.8424816534752629,0.33604787979593637
0.2313480812623882,-0.1821351879834984,-0.24097174314347763,0.9247904938962236
0.24908067882859022,-0.1744878864211833,-0.21643213464600655,0.9277229780592534
0.2188362552805003,-0.20474621420078618,-0.24270702004155212,0.9226499789019686
0.856611068428807,0.4992922986660922,0.12903557965584853,-0.016567954637397922
0.8545132172062612,0.49884348532620226,0.14472644999208406,0.004073504646009033
0.06897703490699518,-0.6483037607228354,0.3414123962800686,-0.6770391260144197
0.23049174943638634,-0.24090683130117058,-0.8292212776870607,0.44858613967132577
0.2317731012640129,-0.21882586313202046,-0.8329465598111032,0.4523234458369765
0.23442260816179006,-0.19210151128707703,-0.8447951317685698,0.4409809922025776
0.23358326995018236,-0.19441839995986407,-0.8371365184981557,0.45479972642165667
0.5004104953179529,0.07890436013834935,0.8560664600038367,-0.10253611160609782
0.5001732354678847,0.07416625919498537,0.8566836196147318,-0.10207485685717065
0.5134910612518079,0.08816840946788215,0.8466440124732973,-0.10838439799856499
0.5177723657584176,0.059639127676281996,0.8453851309095717,-0.11695696706032552
0.40985672369504605,-0.19738452768372078,0.8333406379794657,0.3140066804464744
0.37046524761513466,-0.1771900520634949,0.8466452790495317,0.3384537741292503
0.26457293242662505,-0.146637986771745,-0.2236360631938474,0.9265448588718539
0.22098086852440169,-0.1948927866950488,-0.24689930566990728,0.9231603275163839
0.23606779654890625,-0.20791321130629478,-0.24577344425226139,0.9168639517928647
0.22750096386220836,-0.20211352795820114,-0.19589067401267013,0.9322125707653366
0.03384504842566729,-0.6354678528620793,0.3329826765522474,-0.6958143845825728
0.040858922867561626,-0.6075533154359284,0.3301619485351583,-0.7212507227479094
0.21478229224740875,-0.20587286964172286,-0.8419434177719997,0.4501291034279332
0.23276035613805438,-0.1951621861554972,-0.8413360142686742,0.4470884127328671
0.24364496384161935,-0.17319504652863596,-0.8274902319632522,0.47528993620522086
0.23327173178583357,-0.16721902235643252,-0.8375258958348852,0.4649435143302572
0.21586631986947982,-0.1916325489297068,-0.8422240456558905,0.45534311794045546
0.5047288065657242,0.08336549528022731,0.8531150693426214,-0.10243878406129533
0.508391472064848,0.07166635737790847,0.8508665302484875,-0.11148180145126252
0.4174751834318306,-0.17640509639892485,0.8412899229732567,0.2946641795106717
0.43454253449042557,-0.1886939882938421,0.8300517197984429,0.2942473567596623
0.37149272972865405,-0.18992991018742988,0.8500742640835139,0.3213931027850789
0.23164295090186585,-0.18748103573988456,-0.24801111772259077,0.9217824526542948
0.22412869049058176,-0.20561720592740246,-0.25599360283801037,0.9175811517416868
0.2520256105314291,-0.15369135281648472,-0.23827357075675004,0.925250109529595
0.34942266966814334,-0.34381608974634065,-0.5079249367139395,-0.7083124684894828
0.33641254803378223,-0.34487785273913013,-0.5083897107302852,-0.7137406855707765
0.06200770982353909,-0.6451289451390578,0.33498494590549643,-0.6839216139901545
0.22796269415658493,-0.1944676184135341,-0.8378742706521566,0.4562697250975087
0.22571316259077334,-0.1996428373134056,-0.8331929981083072,0.4636655407144408
0.25647371553233295,-0.14930383559655425,-0.833638269969536,0.46580772080268934
0.24074331018404843,-0.17128628952639388,-0.8361540758893444,0.4621147335841437
0.23384713011945674,-0.1712516869777328,-0.8450339372151089,0.4493395424363473
0.5389624321974403,-0.2604229930634804,-0.7944292770328506,-0.10286634608432686
0.5212433345514896,-0.269000796622396,-0.8032702686536148,-0.1034448311870133
0.5242914765747572,-0.27853385335641917,-0.7967368230340542,-0.11290604477656574
0.6978576831476638,-0.6414812450220465,0.26863674039070545,0.17126227859338128
0.010505290839058245,-0.09851442912918432,0.6589199698745924,0.7456601232587163
0.020409522610148865,0.10575898339147319,-0.652909125858076,-0.7497387292851231
0.011064835512376098,0.11165045372604074,-0.6645824943572629,-0.7387434289330309
0.03786443174035179,0.09618247138773257,-0.6537687137351683,-0.7496010178406857
0.3568060308358316,-0.31920310525822415,-0.5052545361293604,-0.7179949078324941
0.36591080228479195,-0.3407557277858012,-0.4941359364177426,-0.7112133963115638
0.07508520037879354,-0.6666294593049539,0.3328065358140932,-0.6627270828857714
0.23034241569784294,-0.1771810859374667,-0.8376271657659502,0.4625256376541777
0.24937486906691259,-0.18074534178836604,-0.8276120862820121,0.4692563592958571
0.23327900937743684,-0.16809739813744642,-0.8298317445916865,0.4782294890439324
0.22902477470800098,-0.1570599991058887,-0.8351524497895048,0.47476330403833494
0.1963908843512364,-0.18326476541286538,-0.8543247365765823,0.4449425701989642
0.25030587308834573,-0.12236713080267964,0.5988123145008708,0.7508642135557608
0.5396596470982832,-0.27828260601787647,-0.7859838670921951,-0.1164285925039656
0.690366826793962,-0.6428814196210549,0.2950795202559588,0.15174057299867444
0.6929915104325816,-0.6427680553680483,0.2801103300817432,0.16778020278997088
0.6925282687914811,-0.6486617930984085,0.2658151279869034,0.17024920802264465
0.03905884481358775,0.11265521082293066,-0.6617486389821028,-0.740183726463642
0.015091432940892976,-0.10029172075554077,0.6706310098568808,0.7348250594651924
0.33544064249059247,-0.3360135096138536,-0.4937972255979847,-0.7285182198917282
0.3449756033122933,-0.3623329502990712,-0.4876812658587236,-0.7154534570308002
0.34513781706533925,-0.3418495424207517,-0.4989675952656141,-0.7176699216582408
0.0729260266392662,-0.6579941889854581,0.32765643350015944,-0.674067284094054
0.25149191565175827,-0.2010953158530577,-0.8105558146707816,0.4891950138821464
0.22634454555620934,-0.17946844728726727,-0.8274446174259384,0.48155438760133107
0.17041170645780424,-0.10619730987132286,-0.4409746074580116,0.874770471184005
0.21213384666115867,-0.08305828715353056,-0.40974360863267495,0.8832953793723451
0.24047856082088764,-0.09347722239359112,-0.4291219039737901,0.8656133445187887
0.2301486304539002,-0.08303456045266963,-0.42419994054707383,0.8718894884734447
0.5337915686748661,-0.280162532795174,-0.791933763374904,-0.09703829582324922
0.6750581323370404,-0.6539876192304881,0.291843389931817,0.1772685748009798
0.674940531230129,-0.6550500895267994,0.2908596985402623,0.17540038562896978
0.6785500493601597,-0.6553856478944093,0.2875586321581169,0.16537689112661091
0.0484369297656842,0.08244666141517905,-0.6658045752551677,-0.7399734315674116
0.0005734394120246831,-0.09923728809953589,0.6793337407766814,0.7270882343018977
0.035231554007265235,0.3071716559946214,0.4318706457451222,-0.8472851094522117
0.028393235667705314,0.27437348365473374,0.4452277508203342,-0.8518716250321701
0.025330473861220587,0.26722413794895034,0.44333741058317316,-0.8552201866003944
0.5667055370214469,0.37458510556983043,0.7229900325318636,-0.12576265683440163
0.5473342879753829,0.38770831094423813,0.730557957794159,-0.1280332501144704
0.23931620471454923,-0.17850909188674768,-0.8389919475574442,0.45492281785876554
0.20830812582340572,-0.06771482502226218,-0.4431001771400997,0.8693012482485901
0.23643430739893914,-0.09384536002694369,-0.4427423007494623,0.8598087704910146
0.21982640338242962,-0.07245095828488247,-0.4394889147961399,0.8679151483819482
0.22912041439025813,-0.05529750736484929,-0.41084916041787783,0.8807093668020092
0.6665270733499419,-0.6728236052111578,0.27717182000601065,0.16194393769689872
0.670725309047622,-0.6596741173073272,0.28794451689656886,0.1790127759322573
0.6728137727897123,-0.6601245697315565,0.293716765716453,0.15902088264837191
0.6821269558387661,-0.6512147776275072,0.27938038778461954,0.18046808149645183
0.011411365337471691,0.09259112417150298,-0.6627399540825752,-0.7430157587349129
0.011824954542756654,0.3246310468468159,0.44298165300522024,-0.835608825332742
0.022591562568331825,0.3015380283640345,0.4429465946802617,-0.844015848792078
0.015694023855017027,0.2822925644362315,0.464758348613035,-0.8390853848528999
0.033223638278758266,0.2898290257657671,0.4440030973624445,-0.8472051553288285
0.5632437572318579,0.3874330306621249,0.7200136331472705,-0.1192999780945868
0.5613827950350183,0.37962579376315386,0.7256815130580078,-0.11882742004355151
0.18796383953300813,-0.08479573808246436,-0.43974749490421167,0.874128948471866
0.22769967572409827,-0.10297298212378432,-0.44845344444891055,0.8581602011219019
0.23040942963760577,-0.09187362684804294,-0.45722122944717797,0.8540605826091442
0.22468031151029685,-0.047044100742300754,-0.42488286913723977,0.8756598413303488
0.08276337918841116,-0.8314670925186789,0.1376771424170084,0.5318436815265711
0.08233261729383763,-0.8345796609685596,0.1332192300428025,0.5281578990926421
0.37543690627550624,-0.5874110718150243,0.5946309264089524,0.4005114523623916
0.37212154395735353,-0.5732853668201754,0.6089690788970861,0.40252466466030007
0.38321785833124195,-0.5803123999760663,0.5945709849754215,0.40356775802260425
0.371974160122396,-0.5727864473569654,0.6168625990206974,0.3911923361402355
0.000669253494155969,0.3001432761797462,0.44567327241460264,-0.8433794520375207
0.015890851967144508,0.30214289727566046,0.43625395305255926,-0.847431200095703
0.021944003054673946,0.2960122750738207,0.4576835803325701,-0.8381055625811805
0.018026868691099568,0.2974030227837042,0.4367046036448483,-0.8488318815876943
0.5601811544511454,0.3749597159801283,0.7305070743494119,-0.10936955662041653
0.5746864085349278,0.37567737850697874,0.7144819530050085,-0.13460155256719503
0.21514405602131476,-0.09109734879365498,-0.4494366552967297,0.8622186503881445
0.20820403741487037,-0.09353726270392361,-0.45710922522867187,0.8596237639228268
0.20439688369471598,-0.042382722418841744,-0.4411560558107858,0.8728155321703017
0.05904802873250512,-0.8509816503227138,0.09377171778489964,0.513371625686992
0.07943117035865307,-0.841341470347706,0.13075053043244195,0.5184009242278123
0.09732240170958276,-0.8283413560498741,0.13978416917129285,0.5337034139220264
0.3754607202407441,-0.6005201009171086,0.5762135814510176,0.4079004345452442
0.38861125324398754,-0.5740010405792121,0.6055663040459428,0.39088815621639916
0.3936412963542373,-0.5848872465763064,0.5884568835038386,0.39581805776630813
0.37947020526415576,-0.5797035376231788,0.5912678172822443,0.4127330130123369
0.0001016403722782743,-0.3255933271289042,-0.44757624063389295,0.8328652254827288
0.010878944429418653,-0.31161721902121126,-0.4545170247472311,0.8343803878283053
0.9313018057986437,0.23932335267538957,-0.13679099718990992,-0.23809557423057334
0.9303702318906534,0.2311536653907449,-0.12367222253838571,-0.2562896719740608
0.9284814827695701,0.2233414290235358,-0.12989884136283783,-0.2667715000676382
0.5687610947056382,0.38374076767750726,0.7161763772975023,-0.12784849225762265
0.19967791842640376,-0.10988596107058238,-0.44527696222436625,0.8658996658763262
0.21933031229857838,-0.08383461347961232,-0.4890669058955774,0.8400473398847582
0.0739905130259299,-0.8473017432271902,0.09275631037494446,0.5176885422645081
0.08380889209040125,-0.8565563314769828,0.08874371583163622,0.5014098857358783
0.0909652004947365,-0.8110679155349969,0.17037177756782695,0.5521481921522939
0.09462153650712997,-0.8404666460616155,0.11460906341183276,0.5210828573948981
0.11844505774322979,-0.833894483621849,0.1406562141963643,0.5203908030405605
0.3878984620164514,-0.5913051694033772,0.5802948378349704,0.40391939911843844
0.3899088956520209,-0.581821231741617,0.6035198396318302,0.38107599052795116
0.3742364934691801,-0.6163636618503489,0.5662384474250975,0.39927046467768706
0.9353339979894947,0.23531658631661376,-0.15871792326535733,-0.21115169249526683
0.9328924001034242,0.2315549321826304,-0.14624464978799603,-0.23389438988474381
0.9290329018610284,0.23786040765198874,-0.14262203064156825,-0.24490661507395425
0.9270333975344771,0.23848846844706595,-0.11691357452547808,-0.26469519520598117
0.925442942682216,0.23574540700323765,-0.1263282652958258,-0.26836660057448647
0.922126139976334,0.26370443014067957,-0.1487991569214605,-0.2408363892687083
0.2515864778307585,-0.09737438321038291,-0.4378345159159467,0.8576266147571212
0.6940654089549986,0.6564744717801932,0.16239387898716406,0.24686576121558332
0.0808796377785695,-0.8507946990839923,0.09433512926718299,0.5105954833226888
0.09786742469842778,-0.8048931231405927,0.16216642930654981,0.5623798331286819
0.07699851526706696,-0.8358094134932247,0.13082207182022182,0.5276167534180883
0.10140655975611505,-0.8360516669672821,0.11671989709839883,0.5264131318850221
0.10153955591723396,-0.8264689058669652,0.13929708701778495,0.535943269168997
0.3696153071039935,-0.5898157712904823,0.5723990226336877,0.4334296247136706
0.3785120102587485,-0.5726977130256087,0.5976232308110061,0.4142372044857072
0.3991859114319663,-0.6057257061955079,0.5665106722547232,0.39091256719333706
0.9328291228526773,0.2200954153914279,-0.1674746969435291,-0.23095467426586735
0.9344516464171891,0.2253668917274961,-0.15346348623509481,-0.2290389552322105
0.9361322999110591,0.21333284170117325,-0.15222618924891873,-0.23446237016136665
0.9351120290033482,0.2131931466473861,-0.13118303538865167,-0.2508090641544825
0.9270971051332754,0.24503007331390292,-0.15252792637015508,-0.23913689071848518
0.926462557528913,0.2566671480207109,-0.18440700201270285,-0.20440930074873576
0.92990895587813,0.25282626989619256,-0.18969285713379114,-0.18805539338302127
0.6761878040455068,0.6686528549774391,0.1863179951715052,0.24689880085959534
0.6928406579556409,0.6503058728866555,0.18650141658109262,0.2495822829969416
0.6847769485160512,0.6666958915097426,0.1587676342832996,0.2477699685780327
0.6253225262230507,0.46450594398293393,-0.21947033092676632,0.5873999830145052
0.616662697874362,0.4836056899867726,-0.19656196867654446,0.5892504103797741
0.371154886291925,0.5537412703290555,-0.35894118747850856,-0.6532808583201488
0.3619739190534475,0.5674223105259018,-0.3389972305813162,-0.6573337668952765
0.3674844418092667,0.5522192233687258,-0.3448665862696181,-0.6641356428056796
0.33627760320740774,0.5389521301808696,-0.38155034390435005,-0.6714665367842663
0.9321616608397059,0.21713068714089614,-0.16759581387242078,-0.2363060429500786
0.9359265937511454,0.22516670308727824,-0.1548054146892813,-0.22220857434640942
0.93885316404174,0.19433785688617125,-0.132109090722153,-0.25166390662601906
0.9237219457472959,0.24427655980011728,-0.17658459566521606,-0.23639925941254925
0.9344019649597165,0.22471490900795615,-0.1485842915025977,-0.23306412393939563
0.943612610716588,0.22338965586139367,-0.1710851980412644,-0.17441948733422713
0.6795965586545868,0.6553972841475598,0.18972454576069558,0.26945781512649325
0.6716984513624267,0.6704586435297127,0.16918501395721902,0.2658624245844287
0.674337807223614,0.6731948391780468,0.14704427125161007,0.265434007890803
0.68001255553133,0.6712203837337725,0.1627899371218386,0.2460600681782909
0.6297597574450702,0.4712914585665503,-0.20817335103907103,0.5813354151452532
0.6198035965354782,0.47282852136171155,-0.19763800277000407,0.5943197043424251
0.605597688654292,0.4887806125615252,-0.19664787084879004,0.5963845799240597
0.36336905836254757,0.559001623141701,-0.36458532581334807,-0.6500443469112197
0.3857682859510704,0.5481937147990483,-0.3527573150245674,-0.6528619741613468
0.34977719568863885,0.5432275571463012,-0.377730814006317,-0.6632338702774301
0.8598363279965486,0.4903042959059155,0.1333319324130647,-0.05005778933007506
0.9342832759508779,0.1987538515372458,-0.1442386956463122,-0.25847024094827015
0.9330189164472804,0.21985390373491795,-0.1529657399699535,-0.24029449631546873
0.9338920247147856,0.22358358651572358,-0.17301379999733696,-0.21891160550634567
0.9425119854523498,0.22875761185673427,-0.13778880233099589,-0.20088643122038674
0.9436838399053717,0.23548792681466077,-0.14755810935004463,-0.17953509682239346
0.6837246441327851,0.6642381427355257,0.15701934881829938,0.2581728584445566
0.6936564001745583,0.6570935400710857,0.16306884456017415,0.2459215932518562
0.6818504539167347,0.6642165208850677,0.15451918490271335,0.26461329024423635
0.6721709612343278,0.6784927314802002,0.16303281737914896,0.24749568210228198
0.6246397434416849,0.4657004650889995,-0.22417759087196498,0.5853995861630222
0.0625356948808542,0.21177329158767744,0.35205452251383546,0.9095597687966661
0.02904871821298522,0.22546618814403832,0.34409792638375236,0.910998236569304
0.031818945710013084,0.2119728203301765,0.3571399028174516,0.9091238463216743
0.03677984630648665,0.21052871112731622,0.35391960783397675,0.9105305134301576
0.3609517116044634,-0.3145641490163488,0.7475069675242972,0.46043087596951826
0.8560186334202826,0.4971243031399561,0.13065439286284894,-0.0550359527084349
0.8536573216746325,0.49834855722974464,0.1376297925481613,-0.0630549987033156
0.8554690233807835,0.4954655570909705,0.14878589249898788,-0.02343906921664363
0.8611808355521281,0.4783380095582464,0.17108402694499206,-0.01704619646369515
0.8625757028074325,0.47415190476264585,0.17645847851299928,0.0023523386440315245
0.947384367442264,0.21255485101292113,-0.13703887829425265,-0.196223447815875
0.6976727388566605,0.6460064979597844,0.17030143507609105,0.25870016478735575
0.7035884510553646,0.6525521245139982,0.14531951243500968,0.24087601715287352
0.7034079808653751,0.6523555419784054,0.1616925357720347,0.23131144195773443
0.6901832993376439,0.6667656939462598,0.14887159110319462,0.238553499354275
0.04382877362808072,0.1992269327409648,0.3381675801100586,0.9187112471475424
0.053553614233382105,0.20618799807713845,0.331299361187732,0.9191622561485457
0.05830130614556644,0.20452163365608633,0.3331720967311102,0.9185685674070077
0.07444822732732455,0.20193625243173763,0.33318125490119654,0.9179702951534481
0.3654813129148748,-0.3136542603866604,0.7397362108830523,0.4699305833415195
0.35228062585485026,-0.31836349276667264,0.7509990618432573,0.458850145724361
0.8519269107414507,0.5021095919128732,0.1387311175342969,-0.05348058985558842
0.8480431232489392,0.5112864191269033,0.12703985890485403,-0.05718332778011537
0.8473020374174537,0.5065320391535669,0.14837862375049687,-0.05906212587665539
0.8436992952325638,0.5203677431993384,0.13107421025024776,-0.014438229426639583
0.8516989624991647,0.5051547226122,0.13781159976433538,0.020869750138242417
0.8492823336125573,0.504258575824102,0.14380617644056082,0.06133995548583125
0.6896644079109006,0.6630674936124653,0.13430913634974842,0.25819674527068526
0.6530255182954944,0.6977112442155939,0.177005416563043,0.23542679256484914
0.6924940721444787,0.6708303559100063,0.1325415091407498,0.22993769153643467
0.5362806244791396,0.11527733208560072,0.8290820171860838,-0.10833853097649378
0.5058043499941998,0.0918311335372274,0.8511515912673051,-0.10616012021162904
0.5023814409102687,0.09808491324582973,0.8525463173115082,-0.10562676962335736
0.06111657233440172,0.20863313373231876,0.3315416154901656,0.9180507269717167
0.3698684038790939,-0.31213802814045977,0.742270007397741,0.4634678535975011
0.3548405903005782,-0.3293951990224604,0.7381345503170902,0.46983437929155225
0.3751782060425074,-0.326062995547955,0.7347997523389529,0.46151225401676355
0.8557704463701072,0.4963684868473503,0.14563760635602338,0.008059528476740355
0.8436622091391994,0.5193451105469673,0.12562614683367979,-0.05227623028726452
0.8502739996473486,0.5076471215251388,0.1389714722924776,-0.003931338169461611
0.8510267536823584,0.5062361606164271,0.13354918588566345,0.040534295978621786
0.841265303713047,0.5181787891784779,0.135966522396397,0.07263976873277793
0.8349535586440985,0.5321197962024073,0.13954621533138298,0.015097389964889456
0.6647385367184716,0.6840864018918672,0.15479501145063415,0.2572682976544571
0.23230200839379606,-0.21368703823615076,-0.845677577549106,0.43035225271485034
0.502142665884915,0.13216284097861564,0.8469645867136613,-0.11417843673570273
0.4984939035315675,0.102079365637902,0.8545892751743664,-0.10373428560401292
0.5075944011193163,0.0848484788345911,0.8522196038163997,-0.09418283528752722
0.5102240259511501,0.09031886524033923,0.8493470941119295,-0.10061540462334047
0.5269146061603329,0.08842176961498496,0.8355412279456217,-0.12811496741668688
0.3952655018893728,-0.1622144186941431,0.8420798465505507,0.32917046862874044
0.3748439199387054,-0.20604769359148864,0.837585692925386,0.33983318063031226
0.3749923374139619,-0.31131180777354317,0.7386539152624841,0.4656781063019656
0.2326697541111606,-0.1825060821990325,-0.2403508148569268,0.924547349398517
0.8473834903893325,0.5151867970593516,0.12704893203260667,-0.01955385436922609
0.851342272581947,0.5125318928780512,0.11081319495453194,-0.015742602129789174
0.8548075198415603,0.5050181455719529,0.1144714153624982,0.034015757088337616
0.053000861342631767,-0.6238081289996821,0.34606024288733656,-0.6987822516232169
0.046995219423332055,-0.6193961834034811,0.3469892085664926,-0.7026651453394804
0.2364453554339667,-0.22454827777840905,-0.8296768990597397,0.45310915683427777
0.2227674468197358,-0.21185879772597863,-0.8420224833340625,0.4432704050841399
0.2349123062347956,-0.20902104250075004,-0.8388287191202697,0.4444016113274086
0.48617781134730054,0.07754393942453483,0.8663371330334063,-0.08413111873457271
0.5102636516161405,0.09551653179194668,0.8469724943651129,-0.11465248267150152
0.49937059184671306,0.07179341048534614,0.8565192545448058,-0.1088553388840279
0.417092273995112,-0.20401063277185127,0.8381093719561611,0.2863326340619675
0.41219949829489105,-0.1895662310003841,0.8373684791333796,0.3049102291226056
0.3686870154448123,-0.21507285049671124,0.844344640897511,0.3238760272222524
0.23918238034151837,-0.1681918430618117,-0.22723170350019073,0.9289074473735462
0.2252516744645881,-0.21710007077654014,-0.2378513956797415,0.9195411660132023
0.2507051285688493,-0.2090878202765399,-0.23203145712385911,0.9162917793073672
0.2643064014265759,-0.20152598388136875,-0.214494577880412,0.9184342546124268
0.026101074198078784,-0.6364505622304779,0.34846166775907567,-0.6876219032759054
0.04756654179060215,-0.650569108771557,0.335552388668355,-0.6796336169387343
0.22458211996511804,-0.1893906544263084,-0.8426490424060424,0.45126116910291303
0.24351014524302006,-0.19099601787573697,-0.8353192159631999,0.4543843502608332
0.23236829756892446,-0.1921520041500885,-0.8420847593375681,0.44718658262230354
0.2367824619350845,-0.18197371665836834,-0.8367723039677446,0.45894634052143046
0.24253987598412247,-0.2002322575133899,-0.8392210756310927,0.4436095556063799
0.49749622840418917,0.07458822197113667,0.8603090394425897,-0.08247700600870589
0.5030654982080768,0.07246433463087185,0.8549720042852075,-0.10342580242714917
0.4385727379048037,-0.16449686022074303,0.835671450585509,0.2867890570097002
0.4104094437293774,-0.22138244858924663,0.8373191212253286,0.2853954960836212
0.38246851396915776,-0.19347554019953858,0.8485704657173028,0.31018255250584437
0.23618371851977796,-0.21169731695302357,-0.2345646299296751,0.9189020249662181
0.23039097244910078,-0.1929485624423514,-0.24154403824177384,0.9226848485020464
0.2594879032996016,-0.17032633563085658,-0.21972232845254833,0.9248659718095006
0.06847016487363444,-0.6490378889970876,0.3226136535055653,-0.6855523945988174
0.06754256986283916,-0.6591847979025969,0.3355672020669339,-0.6695581052958778
0.08185929783882176,-0.6493077617188848,0.3469250878128673,-0.6718195214304072
0.2446434642478145,-0.18930346481627475,-0.8335793216683233,0.4576672241884488
0.22452488948793983,-0.18499935522468008,-0.8445757645854838,0.4495059403853597
0.24695290678959395,-0.18466231206631226,-0.8246234275957042,0.47424708221643974
0.2479599926487089,-0.17635172861287124,-0.8391402862347567,0.4508430878684459
0.2263858076461467,-0.17985589763437032,-0.8536253198405164,0.4332725879971096
0.2529477629991098,-0.1172106471409672,0.5902546218003302,0.7575477376600706
0.38942034610335646,-0.1860976382216541,0.8422943523750701,0.32289268657887826
0.40677073829202204,-0.14964794477770973,0.8456937173690195,0.31136023428777754
0.40650387752468675,-0.18661021735323685,0.8387054489911026,0.3106515639255746
0.4112079639124989,-0.20099935734206792,0.8314165267177249,0.3150457551906508
0.014271771224401441,0.11338728163824231,-0.6642983646041919,-0.7386794458308722
0.0025598126115269067,-0.10409396212891077,0.663505485975589,0.7408902513112157
0.3612898116981511,-0.32217927964583787,-0.5194307366847002,-0.7041746186260858
0.33763975684079717,-0.3350867450786766,-0.49202043400879436,-0.7291310995910565
0.04718354388331313,-0.6440359119189363,0.3326966059025255,-0.6872440801973454
0.04942993864941971,-0.6427080847365237,0.3362641444760618,-0.6865926187479781
0.23375776958400216,-0.16710102857210343,-0.832178566999243,0.4742503389944431
0.2361367044167717,-0.1884415638283754,-0.839106671841394,0.45235962145218245
0.2243679520746196,-0.17821925375368705,-0.8392427773960134,0.4621346992619638
0.22892596842252214,-0.13167180105997045,0.6223703321492482,0.7368246789079941
0.233928001708283,-0.14731732859451535,0.6083868241401778,0.7439359965246833
0.2395121171065713,-0.10046545889333365,0.5958997875221372,0.7598974144972148
0.6852897535660987,-0.6429476183888103,0.2988828010708596,0.16632914624175024
0.6773346552168349,-0.6571810322076447,0.2853615808520917,0.16703180512220214
0.685632625648678,-0.6569417771082376,0.27800287904165977,0.14508550368840717
0.6874372579033327,-0.6541484963677828,0.2714209617891943,0.16078066627410295
0.02139159483226595,0.09933589003151495,-0.6713108021974402,-0.7341774904443805
0.02469805711573378,0.08563073921076861,-0.6602204082786427,-0.7457656434626818
0.33049711998642084,-0.33753311845614503,-0.49272398132371864,-0.7307982798655558
0.0870892127836326,-0.6162942939921958,0.34198752195672116,-0.7040180019255823
0.07855999836434266,-0.6461740924481811,0.33021908862149196,-0.6835515506644362
0.09188076864983075,-0.6562007440669158,0.33407778375183594,-0.6703361412319971
0.08714907395441253,-0.6707702714154803,0.3389608026041846,-0.6538943769386754
0.24332506742938095,-0.18250039208377206,-0.8203312502390372,0.48429656031301216
0.20913762329543534,-0.08747198297786456,-0.4342813306155514,0.8717854280699139
0.2144300334330095,-0.0745849163888159,-0.4197575267108354,0.878783517015877
0.23509061664916053,-0.105351414322646,-0.4410901938862281,0.8596935048731876
0.2570367998177916,-0.05732527938960094,-0.43331499075839613,0.8619071960869011
0.6638969252286551,-0.6706713891073179,0.2886823125684514,0.16156510426119017
0.6699654684068894,-0.6686000439304465,0.2832048782885455,0.1546455602728789
0.673414600261078,-0.665560710316638,0.2808721051079374,0.1570113932498555
0.6808821562864641,-0.6560776906056186,0.2858658745333368,0.15569924507711663
0.01934986964788389,0.10185827980639772,-0.6712457157725611,-0.7339479970927598
0.05022942155859024,0.09211679489087371,-0.6624900300023807,-0.7416862284392012
0.025549762114158055,0.3141168583294036,0.4120305290357952,-0.8549319575917479
0.03882152658527641,0.31425668175247695,0.43241041553167797,-0.8442492875846759
0.3108180476431018,-0.7392063246195888,-0.02343394721799631,0.5970067009837611
0.5786568212718978,0.3720107649676033,0.7132696440706541,-0.13420390751034164
0.5687146026088895,0.3862556322465407,0.7113345826176626,-0.1461964394552548
0.20334761809135868,-0.09544245747892836,-0.46412415276029334,0.8568134303052759
0.22078189491155972,-0.041579274793018615,-0.4203748590765182,0.8790969779514347
0.22414240227596394,-0.10601468165398774,-0.45862426786185617,0.8533374782018778
0.21839933271695933,-0.07184953079395519,-0.4452796929287632,0.8653700777463604
0.2262142651739272,-0.013703954318558165,-0.4142974269591424,0.8814743047207271
0.6711416236389972,-0.6593193977205544,0.2924567570692591,0.17127725492063647
0.6700782508422852,-0.6643867575027603,0.29063414454320863,0.15848396836509782
0.358299751523889,-0.5830007134327856,0.6089046414014788,0.401206423022512
0.3624407683862656,-0.59399912142419,0.6015304071368104,0.3923810679029851
0.03086865045870391,-0.09724031554439101,0.6772316073430944,0.7286623343272071
0.027477723715431605,0.3056256612672697,0.43938499301280454,-0.844262256523114
0.027857183635695622,0.3084903808417963,0.4404398933009328,-0.8426567288267707
0.030245655633502275,0.307254111781402,0.4310103020567524,-0.8478857414944944
0.5918545892504609,0.3706578626929908,0.7070221258914358,-0.11153747131339894
0.562663506711174,0.37160990466226723,0.7278466849659347,-0.12471992686208927
0.5602281131281595,0.3634367052171101,0.7331753711759089,-0.12849940724712253
0.19308109658569036,-0.10400480964963546,-0.4368249670182698,0.8724027956743937
0.20084361822298127,-0.10114212716326702,-0.46375611268324257,0.8569494612174737
0.20326283259301467,-0.11100052706862781,-0.44865427434930066,0.8631757908936357
0.2293149393204515,-0.019272143877931074,-0.4169403966031263,0.8793201628276437
0.2221341644014075,-0.05020377513523933,-0.46100913460170423,0.8576750968645683
0.08221416030704012,-0.8270672270179805,0.13461319317394468,0.5395182314447872
0.3652088087858096,-0.5824749459551001,0.6076744687712505,0.39758923944623037
0.3805995167766321,-0.570155170593055,0.6120572440521789,0.39427530898935353
0.39740677691724613,-0.5591249380432396,0.6033799017406343,0.406669216309585
0.39782275505294684,-0.5889621864171171,0.5811102598113361,0.3964485647279527
0.003207857365344875,0.3170031575788848,0.44052043365588994,-0.8399050275285694
0.029256436275466056,0.3015128475040354,0.44160858136534503,-0.8445211214593484
0.022760753520246434,0.30346857879293443,0.4428056548838982,-0.8433931003911694
0.5802223019433568,0.39497694107280157,0.7062280489145752,-0.09261338604455198
0.5628039151699801,0.3785306460690237,0.7243300694920737,-0.12374269063470891
0.5606830760976911,0.3641063144772343,0.7309571484058042,-0.13697710440030264
0.21996564032042923,-0.08604510283730953,-0.44689619065822794,0.862841325002057
0.1867964333582598,-0.09065905028106633,-0.4510693719966935,0.8680002596389456
0.22256564586799138,-0.06280993182708443,-0.44262853237368416,0.8663714146207498
0.20714461337498757,-0.030067436955283026,-0.46494518686410957,0.8602401011325649
0.07388742697210227,-0.8407834436299338,0.10744461025830802,0.5254326833950022
0.0810210442332457,-0.8244383484982435,0.13497515560228482,0.5436163236023935
0.3604139335195929,-0.603140009085359,0.5802017358308319,0.41193430508314954
0.38985239233204066,-0.5934683073001712,0.5876746769054272,0.3878774994084552
0.38010492035570204,-0.563824402697251,0.6178636461288326,0.3947997052137431
0.38052605697630015,-0.578646923646888,0.5941678171470398,0.40906266363820604
0.9314627309751696,0.2394067104962056,-0.158914342234725,-0.22317670040971926
0.9281636784768601,0.24103120824677007,-0.16710704286675845,-0.22910997104389294
0.9329413173821559,0.22651357371651049,-0.15935152056717203,-0.2300417182520437
0.9284334789139838,0.23967107695584944,-0.11765483185022921,-0.2583145188424276
0.5673330380783178,0.4136117594384371,0.702445210246764,-0.11674443438745152
0.5808548696565213,0.3856030462268721,0.7052201490197675,-0.12877287196222384
0.20322459921163427,-0.11470777433716906,-0.436710415191016,0.8688071719579519
0.215057387448538,-0.10195490737145978,-0.48867203769828577,0.8393778389607934
0.19970490261053334,-0.05879852516460893,-0.4812327654331186,0.8515137760396934
0.07864731518871652,-0.8373493238145586,0.08404384953964476,0.5344130809359608
0.08857815614146017,-0.8252733200092083,0.13054420778067644,0.5422509265556616
0.09004021986120182,-0.8198638464357294,0.1413330384445287,0.5474860768631421
0.06799321259053798,-0.8361438116958073,0.11962228386810095,0.5309717114937517
0.3950302313041453,-0.5952088255276295,0.5773820016495664,0.39535755278096496
0.3637380843793451,-0.595866268382328,0.5960567222940792,0.3966791902585801
0.3795659688931745,-0.5834211298243487,0.5923111943028868,0.4058533104905691
0.9288732414188896,0.24469219438950213,-0.16438890880094184,-0.22426885214860123
0.9348688834764171,0.23474109207306282,-0.155506855937045,-0.21618142417071515
0.9329228435805049,0.23130680917142998,-0.14930111387345638,-0.23208038554074706
0.9281455703087028,0.22904976624056242,-0.12652853435239897,-0.26471217368324884
0.9295607998309324,0.23318280473255243,-0.11051312378497702,-0.2633046685230322
0.9229247668182017,0.25383098540532817,-0.15582714862272265,-0.24392130983954632
0.21357211658689382,-0.1192195438253874,-0.46056555674597566,0.8532602295466081
0.6705540455926554,0.6757931888009842,0.1511620426364326,0.2661031280828953
0.5086916144833454,-0.455890640914547,0.6310059314227117,0.36773370717165343
0.5218734465211091,-0.46156477523323053,0.6221266722645262,0.3571616829072561
0.09793374916192468,-0.8213300863295043,0.15640983500661437,0.5397794304882892
0.09781446107326312,-0.8389102155463779,0.13013620220756558,0.5193520485488323
0.3536563760367818,0.5384974805474118,-0.3504553022472073,-0.6798004944536588
0.36635731987416487,0.5416433446755935,-0.35487298894454344,-0.6681840787244344
0.36352894643312733,0.5303701123162962,-0.35896287098779367,-0.6765352217874696
0.3546677514601277,0.5573455837896996,-0.38028029859471735,-0.6472739611671775
0.9323574456991836,0.22001702458581693,-0.15983175432518917,-0.23823499459783515
0.9347642997616428,0.21959308818691103,-0.1708361464982985,-0.2209289264928278
0.931718290874491,0.21815609682492806,-0.16011282856947942,-0.24222474274010597
0.9358477246403571,0.21388437590036213,-0.13286302485660728,-0.24655613287268197
0.9287703755338861,0.23789462591247887,-0.16198653847899921,-0.23356390526833912
0.9232386716952209,0.26095451046059015,-0.1959926653580626,-0.20278060479878393
0.9098119929468943,0.2929288704155323,-0.2294174373471251,-0.18385443646580493
0.6785019216502685,0.6649273952690747,0.19518982673157284,0.24373681067511171
0.6722993307871473,0.6786263871595818,0.1878227821631231,0.2284785306640238
0.6856527364589573,0.6691966778405491,0.18028596556497964,0.22260526043608928
0.6148397003875685,0.470281556803824,-0.19295096844445067,0.6029737340331215
0.620347441919998,0.4620694151399871,-0.22717308154806723,0.5916530215552527
0.36365496194790436,0.5457767427991329,-0.358311938034408,-0.664451180096976
0.36549407948778656,0.5487677050887317,-0.35346332824946525,-0.6635749839270866
0.3754729106816156,0.5495762449204755,-0.33776689886747313,-0.6655069995070191
0.35869120286936157,0.5468178172404202,-0.37166060572137644,-0.6589380015505044
0.9248126280186264,0.24262930045581524,-0.16374935263745802,-0.24297896025873764
0.9328983223398053,0.23334502057790169,-0.15913108873580634,-0.22344600722508398
0.9393016049411339,0.20531050023802488,-0.13631879844492836,-0.23869913832595405
0.9322183227632925,0.22807647156932515,-0.16152803286550022,-0.22991045304527272
0.9318131441648453,0.24347269299602192,-0.16821161494599673,-0.2101194058723514
0.9380217671995965,0.24528081691986978,-0.19110869771818187,-0.15306845124756469
0.6873822972003117,0.6527487133559904,0.22011457900995238,0.2301613929723947
0.693176378016563,0.6577047997863698,0.1688922952235823,0.24167394959308486
0.6832411381760621,0.6630852973560617,0.1895361517226552,0.23994891690580578
0.6920055924828571,0.6639281378221745,0.16160312540570743,0.23283495794132109
0.6069044484570478,0.4678227872778765,-0.20095684206259443,0.6102664809530627
0.6207796141849226,0.4669855468560333,-0.2191602885239088,0.5903608536938297
0.615827410574963,0.47981580362974274,-0.21856691062577507,0.5854587095186002
0.37567653050671823,0.561234290717613,-0.34023613323677554,-0.6543107740127927
0.38339374254610914,0.5515121819209405,-0.3375598001337975,-0.659467158168564
0.3639493617732965,0.5500911678806205,-0.36427525458368615,-0.657452742014615
0.850679687475223,0.5039014587563864,0.1412706496542241,-0.04969902138388889
0.9351021127476506,0.2140857535953029,-0.1281627198682518,-0.2516458743520016
0.9326011399541686,0.21964100841346168,-0.15039494415492477,-0.2437094621715376
0.9296773580963384,0.24342138739598335,-0.16879709827322875,-0.2189830532615829
0.9392781300845277,0.2476862125118258,-0.16016424014849515,-0.17537260519851763
0.9411853696893722,0.2247021842679504,-0.14690886117599677,-0.20517508322372835
0.6911076931733177,0.659252627394192,0.1550500114374498,0.25241953898966885
0.6954206962911675,0.6549465344118351,0.18228674837708855,0.23282318097204696
0.6962925078919888,0.6571068822573649,0.16045292695340532,0.24008779014263837
0.6973696292852795,0.6532975014271604,0.16164098572930688,0.2464754886636794
0.6890844636376982,0.6635274822180428,0.17241072204100305,0.23487959732558902
0.6408996726369642,0.46194381862926914,-0.20148490663527419,0.5790158464517324
0.023537375442325717,0.21487183706922816,0.35604560911394756,0.909124639322057
0.0276154468809032,0.21776294426906256,0.36112066101594764,0.9063159247107171
0.03604118170661969,0.21816880948901252,0.3453493996461446,0.9120510928404093
0.3359611771446442,-0.32252969953486105,0.7536968187334812,0.4637302942450141
0.8572446661390437,0.4877618796560264,0.15470579852327906,-0.05732405283870096
0.8553045307216615,0.49379441834533794,0.15095244672986208,-0.04283212537635902
0.8574375156407716,0.48376948271354153,0.17465813116195986,-0.016202826477675247
0.8631538899597996,0.4693048242591595,0.1862715781002214,0.004609052657414914
0.950473480860077,0.2059099351012968,-0.1418370757642686,-0.18461718432190916
0.6796607230509344,0.6627895942220251,0.1967174406077081,0.2450989675491052
0.6811764342942352,0.6615528053727594,0.2039329026277271,0.23823921232965248
0.6704721609806921,0.6815306775544078,0.15219741749092616,0.2506371141934164
0.681020634826979,0.6704233870179842,0.17410242409563975,0.23755362132203875
0.6895761673397869,0.6665115389637808,0.15756717685773364,0.23541381149411456
0.6850065090527678,0.6707884533091352,0.1474137782454369,0.24305989271347084
0.0367132934363038,0.20594233846112434,0.34677452945327863,0.9143234181823633
0.04240619994732629,0.21649560936192136,0.35146006027692767,0.90983910190933
0.031152522677225916,0.20667358762327748,0.3473873420705524,0.9141321474923226
0.3545156594503739,-0.31991980991992663,0.745514191814619,0.46495005347699464
0.3491923334366829,-0.323877851036063,0.7415616397125062,0.47249781627453646
0.8518413197106312,0.5014032711425325,0.13988036700264866,-0.05826327014871944
0.8417431380140619,0.5223171874637712,0.11811890930848198,-0.06856506800077217
0.8502969084982643,0.5101465653407837,0.12300211782816303,-0.04020109798354538
0.8519252990315102,0.5015048272939859,0.1471054266264416,-0.03280528201302352
0.8517722257372456,0.4880665396147947,0.19020908935065464,0.009779095022213366
0.6563462446987357,0.675989471343111,0.19443256654250063,0.27284394582036253
0.6574218920788711,0.6832277220986244,0.17242262857687468,0.26695837264637984
0.6790452389178401,0.6751443984132243,0.15313486840381768,0.2441870530417296
0.6808506584174646,0.6708829494683362,0.1676183306287974,0.2413763540249668
0.6781588226885533,0.6747952625808876,0.14652084020749775,0.25156233460706184
0.03213626190172644,0.19716754471568224,0.3389159514824644,0.9193629304102429
0.054010479103233984,0.2026418874428941,0.3288626338311383,0.9207977528590452
0.07117051873451641,0.19778009438358876,0.3308614207277036,0.9199720168585153
0.37649122052273626,-0.32502243768884015,0.7371429128845043,0.45742223585244807
0.34594404024651765,-0.32903061086604507,0.7395256059156843,0.4745139158402766
0.34979365576781707,-0.32619215740935276,0.7387698792387237,0.4748285378521595
0.8497591277135973,0.5077960931008397,0.13536269449188257,-0.041587181184193
0.849979093965804,0.5076249547145764,0.13495394808076286,-0.04049539565815092
0.845719000985842,0.5164516232645495,0.13380585345003798,-0.011536281091780015
0.842197651787201,0.5195907639526897,0.1420492407604179,0.023464154333237574
0.8384866101186046,0.5243422520329859,0.14169180022358532,0.043918573908854154
0.10665856965774842,0.4496892375677328,-0.09829938193756278,0.8813289798055024
0.12444833057498314,0.4584442579203662,-0.10335117337271657,0.8738764273965898
0.17534220140321824,0.4887333215454489,-0.11633872574895135,0.8466759437407777
0.15878298974185603,0.4531262031284961,-0.09759985964835806,0.8717447296104585
0.5098962204393862,0.10218991553965533,0.8481817085418257,-0.10075145080194463
0.49834152956233907,0.09581973783046073,0.8565104433359029,-0.09414965858730075
0.5065341034528056,0.08154063401428058,0.854376260139732,-0.0825562423651698
0.39515941310198005,-0.17857211552947683,0.8374450827800085,0.332636094132628
0.3974622311616398,-0.17297592034783082,0.8352852354285873,0.33823317586369545
0.35095990559969514,-0.33647251801525846,0.7356334113497288,0.4716533402700393
0.39745447522573557,-0.2954101481200402,0.7434556552669883,0.4494846751139177
0.8504740263490587,0.505691864357468,0.14463761527737717,-0.007044790640058194
0.8429007923411733,0.5244608201937002,0.10745347027554765,-0.05397086323300469
0.8446024648668075,0.5166564159920572,0.13940462292871747,0.016708538573368466
0.8428357474356514,0.5214824035730292,0.1304556480139892,0.025793982041035807
0.05967650933328084,-0.6063477566874901,0.3684302920671623,-0.7021682363088982
0.053933970219155254,-0.617039096424996,0.361337775997569,-0.6969855751567277
0.1598881455503781,0.45824230342838684,-0.08424803515036192,0.870259754805662
0.25143562713503187,-0.19269801356845312,-0.8330913711281586,0.4534383842660327
0.2672470835863241,-0.08231584464483774,0.6061004832800602,0.7446108394340555
0.2964778459635696,-0.07354167633295654,0.6024225303145192,0.7374141330788235
0.49574870262224335,0.06650578662911859,0.8611208984257598,-0.0910000136682248
0.49187160173869193,0.054143301370093676,0.8638597869823801,-0.09421835678103217
0.41453984932620896,-0.1978629212358196,0.8414034634248031,0.2846878807701127
0.3946886559508779,-0.21303741744553742,0.8325895180872298,0.3250086429667677
0.3812041294866738,-0.2156814140260001,0.8351279602167287,0.33275550990223784
0.13784111947196875,0.3066326068350663,0.06458986456776164,0.9395767236385565
0.2348015110737995,-0.17709241002408596,-0.24334180518043863,0.924278796987601
0.8528684317256727,0.5095391805522528,0.11266972876309041,-0.017052679214184498
0.06532818266146445,-0.6079738097647646,0.35482976181125186,-0.7072453006724319
0.05714774075840001,-0.6040183344821343,0.36408392560116826,-0.7066391458548574
0.04151462566007408,-0.6534704553747247,0.34987393610687995,-0.6699560647100173
0.055219798971341674,-0.6419698657789962,0.3362556555830326,-0.6868461249229607
0.23823623365566007,-0.20709629596696807,-0.8362715732235857,0.44833522835984774
0.23496873152331682,-0.19162601616234756,-0.8406628013927611,0.44872621885794306
0.24538779254551554,-0.10478129334160727,0.6089920754482732,0.746950041084746
0.23530347540843882,-0.12578013677665908,0.6040442841897524,0.7509608074932039
0.2358896948820773,-0.11903968977628933,0.6229185707102061,0.7363138314406156
0.39696114194670196,-0.17729882862680185,0.8333089903300227,0.3414426800900739
0.4274224202870578,-0.20012826514393658,0.8300063246982776,0.2972343403567115
0.3994265980864807,-0.2202985252114846,0.835217634704565,0.3071456579690129
0.3740878555607296,-0.1997120772055562,0.8464914099327899,0.3219093901243242
0.23869999877827563,-0.1989665586878162,-0.24817544034569664,0.9175203376036951
0.24750762478362748,-0.18728374805881204,-0.23970423125842777,0.9198949151418421
0.2605332046495439,-0.17721682089043186,-0.2465465711018894,0.9164777334700656
0.0605255388983125,-0.6376360616903473,0.334516593048656,-0.6912709750511825
0.06445877839581739,-0.6380192698538233,0.334798081337257,-0.6904250299024541
0.046290618520212226,-0.6401698254427738,0.3400558293506067,-0.6873149250192782
0.07366173379465721,-0.6240333515314981,0.35067746422182217,-0.694393002008001
0.23548365452163808,-0.170555946130991,-0.83213167452028,0.47224463358790136
0.21079025482253208,-0.1957641697158586,-0.8498561379863916,0.44157491216572514
0.24142926997445305,-0.12945595936682777,0.6005629247733402,0.7511838893185265
0.24428317436024855,-0.13554717231385902,0.6073679822954684,0.7436779066803916
0.2470753976808915,-0.11457379781241822,0.5899580007780579,0.7601158793457913
0.41357240023386305,-0.14820171956248984,0.833696814514901,0.3345799479216132
0.41091360043556174,-0.18113212098358072,0.8354308081611231,0.31685411864188495
0.3788934958306366,-0.20198524499135392,0.85029033669223,0.30438137747049593
0.4217894951493935,-0.2121541005237681,0.82430280495321,0.3124246231634778
0.01933005751475636,0.12869163725243815,-0.6655833306284671,-0.7348902240248402
0.01838515901554784,0.11368899557389202,-0.6736962021235702,-0.7299796061929746
0.07827795945123203,-0.6394077946364236,0.3179389452062734,-0.6956615990145343
0.07475177090788808,-0.6380503439793622,0.3316552614720624,-0.6908753279947477
0.07905689666850678,-0.6396739888638238,0.33639173774758085,-0.6865914315190313
0.07990924430582484,-0.667988901192559,0.33559142615667836,-0.6593813276459658
0.09555964005855484,-0.661277956372883,0.3069379784783155,-0.6777675833018485
0.23679854802170142,-0.17924099830773266,-0.8406670595699375,0.4528553931825221
0.23842321786255705,-0.1331988706200798,0.6027705678666958,0.7497199961073868
0.2563096636278701,-0.09523217324958268,0.6029301356370487,0.7494741096594463
0.2258116546336102,-0.10890211443734986,0.5815505357105742,0.773917567004038
0.22849848912773477,-0.09705996720055232,0.5859352851055696,0.7713933140114875
0.2362817031340487,-0.1208636806258551,0.5858814836384663,0.7657060889135167
0.6721310353958688,-0.6548148220198224,0.2884374792512681,0.19042384484092323
0.6883032877329243,-0.6526823458116603,0.2716635625172348,0.1626138012663134
0.6847614167240172,-0.656471580123094,0.274549554877332,0.15738299963294575
0.016425369073347615,0.11517023334308303,-0.666638827740973,-0.7362463568335299
0.014878372728356896,-0.09504242786020184,0.6753271518896,0.731217347204014
0.3044794323716259,-0.7294371982351894,-0.01911024479716042,0.612248681204984
0.2982602282285677,-0.7344757782087215,-0.01856743979867916,0.6092958375543511
0.34857828069598606,0.09908062677008089,-0.9264532117354671,-0.10178731792770722
0.3688103480835553,0.11254369768507717,-0.9173460091012022,-0.09894009725057809
0.5803143245480473,0.39655786624803474,0.6995830970244605,-0.12868812609877325
0.2368408183088656,-0.17908752311160828,-0.8305319684417207,0.4712225962799924
0.20167740171046442,-0.05714687269921283,-0.4301889564494235,0.8780648736448646
0.19124018425777523,-0.08047922840346443,-0.45184825524770095,0.8676309353349752
0.19785166452252378,-0.09671214655733802,-0.4559477132320802,0.862330077378944
0.23444374138289484,-0.05902866270242541,-0.44119531074377827,0.8642328661209632
0.21636689546635052,-0.030614950430493587,-0.45142295462022697,0.8651389526534662
0.6783678444315078,-0.6543788546224152,0.2818524434380805,0.17934486999183813
0.6898601435124471,-0.6547853350591999,0.2700188156244871,0.1497964839144987
0.6858100609456715,-0.6530446462785158,0.28036784527773745,0.15681556557619292
0.018562364885751866,0.09742091625016323,-0.6740101706746259,-0.7320347625037958
0.02372931583050603,0.32940634448310535,0.39855344608876453,-0.8556187996971923
0.32276223706479756,-0.7517733137532114,-0.011003891188206731,0.5749263756622766
0.3220662401757865,-0.7622051420883386,-0.006565385645739029,0.5614922564242993
0.3176995909584134,-0.7464835149412445,-0.026690078130067282,0.5840521993411485
0.5905713948529318,0.39745733271820827,0.6886834575895756,-0.13772505760556894
0.5847368892550755,0.40869194235197354,0.689313161642235,-0.1260992933669921
0.5866461082042675,0.3958963424280691,0.6987295106026488,-0.10435277089683331
0.19736343760207928,-0.060409641508012084,-0.43686239741929017,0.8755281802613974
0.19504051733007374,-0.11669818656311733,-0.45560968876808955,0.8606744688633106
0.22626898475347865,-0.052568530537727594,-0.4414104819645878,0.8667154565066464
0.21040082665309393,-0.02616631363553655,-0.43606738433454517,0.8745810725679178
0.2095744368737423,-0.024271199460477448,-0.4277784746323235,0.8789169704397829
0.3599180369879353,-0.5930801833957786,0.5942600860203426,0.40690275604507276
0.363730310351956,-0.5789754341686709,0.6168109040659304,0.38991283203536437
0.3726194896541103,-0.5967757861292036,0.5971582199173211,0.3852472419173926
0.34952374909043304,-0.5908108155851262,0.6081491385480002,0.3986607007126881
0.03274320574655272,0.327498965941643,0.43092721260554123,-0.8402226176559473
0.03270576342874226,0.31618238335124577,0.4508672520976027,-0.834072991100195
0.31323178685982916,-0.7307734132037117,-0.04564219174519348,0.6047915811152558
0.5899190903259435,0.39556149412226543,0.6955768316921959,-0.10816396095659209
0.5789276897298286,0.39588936732907165,0.7040799306077382,-0.11129146515017849
0.5793978092466814,0.3658316504886584,0.7182649475745677,-0.12066833564193197
0.5753418739092911,0.38900020259808465,0.7074030776699247,-0.13130672567813542
0.20378332708773986,-0.10145397701134172,-0.4697067372672692,0.8529683623179526
0.21880112977491684,-0.08250432377338035,-0.4545832042846049,0.8594610011805414
0.20818353385576668,-0.025765924473466685,-0.44362597835905115,0.8713160877042999
0.21126691399487335,-0.03173959055718635,-0.4503269442841927,0.8669282165750557
0.07494820880853245,-0.8345320855620141,0.11630515466573492,0.5333029862677383
0.37830173147514073,-0.5817469825149206,0.5887066335483988,0.41458744302475736
0.37953263018695965,-0.5599150072229426,0.6227528865642112,0.39322895313779166
0.3665055594936464,-0.5666896025485484,0.6183119001055112,0.4027740848310995
0.3644857290321662,-0.5815938086357162,0.6103883248218402,0.3953794228455497
0.008838090910987213,0.3140593146488427,0.44783426268836224,-0.8370980278281149
0.028648080879091445,0.31819830252923037,0.4423492070236773,-0.8380073429123311
0.022706377362515455,0.30319995118793736,0.44960938616649554,-0.8398842836353653
0.5814127893641504,0.3861311610066882,0.7097113805448275,-0.09576873805465037
0.5847350755521858,0.3870021606363538,0.7046476133273544,-0.10856316186366702
0.6033919795324897,0.3747117878129335,0.6948856830516199,-0.11244146299200591
0.5812439673963438,0.3945988795240721,0.7039006203893661,-0.10474297713532296
0.20019403347061132,-0.09554608589536205,-0.45194827967040757,0.8640231749992606
0.19547363549083577,-0.05145842163912293,-0.4630902416159,0.8629539482443623
0.20780594022768867,-0.023844435065064118,-0.4579847073984645,0.8640012395313199
0.08014117161368825,-0.8368598385356323,0.09508827673570282,0.5331052643577395
0.07502155977411287,-0.8396068125989464,0.12025319007235871,0.524377093401226
0.3642223134437554,-0.5966465871198523,0.5832852633237925,0.41368255711016566
0.3777596147259248,-0.5713310868259751,0.6083094747989224,0.40104618883394255
0.3792538467731852,-0.5502545324156398,0.6220658254766648,0.40794678334045337
0.3683706484803504,-0.5643419305055606,0.6180148393371258,0.4048196007736409
0.9266793251701202,0.2454287878513358,-0.17683461987981275,-0.22306872395752086
0.9262450466498643,0.24058504346170353,-0.1963822116345509,-0.21359535896794046
0.9320337528036005,0.2286551684332468,-0.13748765641718588,-0.24520816037911625
0.9289985428599065,0.224855565163513,-0.11770697948748174,-0.26934503737604165
0.5856581290451043,0.40160761787152915,0.6930727155459888,-0.12396002628530277
0.576210648145937,0.36264653147835196,0.7199607231186206,-0.134630380436486
0.5471848255652448,0.3831538608118937,0.7358612572274561,-0.1108607041638303
0.18378718718542425,-0.09102104878880415,-0.492418280235066,0.8458496768304614
0.5122973686635319,-0.4576006186885481,0.6241540191242012,0.3722698486949832
0.48284900243637463,-0.43762607995505787,0.6595761336930587,0.3745658538253104
0.4903418232533471,-0.4650519412072281,0.6389923172533223,0.36739679753531035
0.09932390650739324,-0.8112684714621634,0.15081356024093767,0.5560876719142485
0.3747446704268025,0.5399493181880161,-0.361115077914891,-0.6615263156349308
0.3793267699443841,0.5296055567369673,-0.3632767003375039,-0.6660774691196082
0.3751376572311434,0.5316122099462749,-0.37067855016643547,-0.6627651234107572
0.3778078368506873,-0.5660408443786404,0.6096979112806197,0.4063587797616412
0.9315074826681456,0.2386657546849718,-0.15305966705100565,-0.22782713972690508
0.9323545761313708,0.22832367107052715,-0.17966408824397107,-0.2151837842199833
0.9385012060653675,0.2095475027324512,-0.14369194098466606,-0.2337904112843455
0.9293876986435049,0.2240988789522179,-0.12993396455478087,-0.2629360433975644
0.9290574660917739,0.23470200832365445,-0.11650289529488923,-0.2611403212372303
0.9276754427232771,0.24272320969765085,-0.19415407666245177,-0.20690072730078238
0.5632945116642548,0.395605320484656,0.7193748619925904,-0.0932498335993306
0.5095997493188305,-0.4455654390058168,0.635296295321821,0.37172321989365764
0.5033133303086571,-0.4605499513535492,0.6272090319952268,0.3757369612181672
0.48183301933196393,-0.4560632312389337,0.6467107369560291,0.3763090396192152
0.47646217956234344,-0.46017049160855916,0.6519510358757153,0.3690348993252809
0.504695881721941,-0.4625891021612137,0.6423507760722286,0.34449799711174023
0.358991278810316,0.5382001962127644,-0.35216580660419705,-0.6763468453341756
0.3670574192331168,0.5260092303786942,-0.35670744735185334,-0.6792223034810199
0.36151525814849267,0.5298583805253029,-0.3539164215557608,-0.6806614292481227
0.3625480158307617,0.5290847571670229,-0.3720726196602019,-0.6709621611163219
0.9313424127451644,0.23418564850559745,-0.1552303695399242,-0.23165043627959592
0.9297890303418289,0.23819968319449727,-0.1717696815946049,-0.221919910028215
0.9297775812928044,0.22468135754959584,-0.14211443642453617,-0.25462801074255315
0.9339222505413352,0.21871497795211267,-0.13697815145411824,-0.247366073638701
0.9292799768254518,0.23576467912478716,-0.18126147000598788,-0.21908450479151295
0.923149429390093,0.26047375764381475,-0.21451412226627573,-0.18420706811625387
0.9135903387934486,0.2929302472114006,-0.20511550098405662,-0.19357736021549318
0.6876294450153145,0.6566360252352402,0.20603086756631142,0.23140042852395223
0.6814444678805248,0.668647679883193,0.18498270797728184,0.23307748739688142
0.47688770512155804,-0.4755937300987012,0.6455330554745895,0.3601052552856433
0.514416689180885,-0.47759024866313154,0.6223209375019715,0.34640969244628844
0.5187109728119167,-0.47127108522083416,0.6298609600095666,0.33483975566697516
0.37521776298967424,0.5527513107807469,-0.37282853109780784,-0.6439538067025009
0.36840713471523,0.5400744383570825,-0.36083248401006196,-0.6651283354416083
0.38597110636590704,0.548720969952783,-0.341254807985253,-0.6583895186071106
0.3608894179897785,0.5238442299830172,-0.36155464097714635,-0.6816335469182732
0.92897273608894,0.22840827214261053,-0.16463310415131055,-0.24028162193093291
0.9266984410654934,0.23187471225526082,-0.17404360589888965,-0.23910863721128178
0.943176319502642,0.19269969196439712,-0.11936685726821226,-0.2429749214058663
0.9377593003877216,0.21484731476458693,-0.14677950971883436,-0.23000848115118755
0.9348907144817254,0.23437859441673897,-0.1894837622514234,-0.18746181023912273
0.934578103567207,0.2427973370095409,-0.21044406650304076,-0.15273020771105572
0.6919574858821582,0.6500851078065838,0.19667883987527618,0.24474808331233283
0.6982556531791195,0.6524884923681914,0.18586266850728056,0.22837004747960804
0.6861497625514434,0.6572260820161506,0.19108343995027938,0.2464538485093427
0.6871413398174732,0.6562425835873752,0.19512281247106567,0.24312453322072655
0.6310300080380404,0.47449524441547686,-0.2045876172140292,0.5786184397902416
0.6278250372130997,0.4771781835543535,-0.21308173054307009,0.5768300268683214
0.6149419808473358,0.4757410697746361,-0.21389377553332428,0.5914103884016072
0.3804714359844923,0.5561325654567804,-0.35395772252057933,-0.6485923116306599
0.37716985506589984,0.5595188821610008,-0.34222348325679797,-0.653884246975301
0.35488685959508226,0.5339273595031344,-0.36908529003369905,-0.6728691851626819
0.9223604414353143,0.24344053777811825,-0.15567259769335767,-0.2564253555500213
0.930892517987697,0.22139617859808494,-0.15930732359238722,-0.24298977078576856
0.9310821152245853,0.22503620799362975,-0.11590359157822416,-0.2626997473543293
0.9232452965191299,0.2733224625372739,-0.16093789105839115,-0.21682239079380608
0.9355813430406382,0.2636762738993766,-0.16622010089290243,-0.1659314653583524
0.9446576034057629,0.22318427216379025,-0.15907017980284663,-0.1802982830863616
0.6805679265388769,0.6657957549912079,0.19189586349172044,0.23815811465710848
0.6765568468865714,0.670116139303451,0.19238920773207305,0.23706873586401822
0.6845790590688339,0.6687743141498748,0.1834200556445524,0.2246096876921029
0.6740985179616324,0.6802876958762167,0.1646451296953479,0.23599114430198637
0.6813569144265266,0.6726868246467844,0.1503597186767684,0.24624610882049
0.6286240754724624,0.4719066778028342,-0.21521308634995093,0.5794990825231845
0.14344199287099907,-0.16518728054323775,0.3406917771567774,-0.9143668137053547
0.03828052872668213,0.21651740878327141,0.3369576347610969,0.9154858629112689
0.03160874104851602,0.21467757792372752,0.3528894162034247,0.9101557476375876
0.34313692624909675,-0.29404276614086455,0.762741236016825,0.4626248030575933
0.8625299044450301,0.4807183802795737,0.14814310511098397,-0.05482356434514642
0.8716836619270466,0.45835857331275975,0.1706384583216172,-0.03094395485014331
0.8674059309258427,0.4643807227297022,0.17858156001594744,-0.008131529621320834
0.8626525923941128,0.48447395974329704,0.14518644850675538,-0.006031777214225238
0.9461452712300435,0.22602916017568775,-0.12083693177027055,-0.1977836707103184
0.6788002090900311,0.6615917528065055,0.1557578673109697,0.2779678318231882
0.678586228187223,0.6651837847927698,0.16728531589248574,0.2628057960741268
0.6873908202674627,0.6625559853548346,0.1724868658299878,0.24240814259974197
0.6960112244509907,0.656868315439264,0.15091261875229,0.2476242579222445
0.6864303347698261,0.6662411606226677,0.1735212169396347,0.2341505897317655
0.6887631747393859,0.6622633651857903,0.16890463994052113,0.24183413088784153
0.019461894988623486,0.216353798862253,0.35743757720623875,0.9083229859264037
0.01574907059324873,0.2258187012873259,0.35299421810302134,0.9078287079125615
0.009827727720638507,0.22291056143563215,0.34890150752251103,0.9102098853653587
0.34943366144049526,-0.31883941707357816,0.7562372195357422,0.4520429295557226
0.34970167752982845,-0.3185677969186569,0.7516768552799235,0.4595706700124611
0.8533736424255653,0.5012824957153348,0.1263256054639204,-0.0671649261661391
0.8470469543821595,0.5075223627747936,0.1443590021409392,-0.06397645548380476
0.8589762199881256,0.48574761068891104,0.1605067896115391,-0.021134869139002692
0.865037088634898,0.47285658689976867,0.16698950685545125,-0.015231155955295755
0.8664360629341266,0.4697938543125377,0.16901132857468606,-0.004177811723868096
0.6788082581198772,0.6632186104547005,0.17950430896433495,0.2591112242224002
0.686404339858507,0.658471585646127,0.20009331558043297,0.23500408119884178
0.11751918411024986,0.4379164682542697,-0.08034428302310645,0.8876729152020306
0.7062005225069147,0.6515789035751648,0.1630685335254853,0.22390714102188597
0.6936304859317629,0.6610140518955829,0.15825041950842908,0.23852458344593383
0.6864830898562133,0.6659929990132383,0.1571820239036218,0.24594329421307762
0.04179228197594683,0.2031182908333769,0.34853316003865087,0.9140683789791894
0.04504282836621298,0.20612949828321264,0.3458854444982116,0.9142456085946257
0.14206012907675963,0.3336002570062027,0.07952131438302099,0.9285505634110006
0.3760803260947949,-0.32546576099551844,0.7394275521866467,0.453742792572295
0.35409151079679735,-0.3268969767036896,0.7416217777429971,0.46664194772967615
0.8485479883350394,0.5076263888450495,0.14650333305880353,-0.02861003745810184
0.8426753736915414,0.5231388242849327,0.11345063752257262,-0.05790455893382871
0.8477343029584163,0.5096137862849623,0.14698696062709782,0.005930752188443409
0.8452084124909672,0.513040965129484,0.14342250793837527,0.04291493644610452
0.8513927098534017,0.5005355298123272,0.15360930633841352,0.031604082176292465
0.1596191424183455,0.4739721337311924,-0.08083823593637005,0.8621701255730383
0.12372788878554104,0.44925794239022165,-0.07768503774412341,0.8813760523446683
0.17047366273611644,0.45094694887376635,-0.060708487976145205,0.8740137636801972
0.17681793590756714,0.4444143259361391,-0.047016360339912563,0.8769383024503504
0.15126933444033552,0.4447637863258326,-0.07605668461743052,0.879498802475644
0.05526101571360872,0.1915793833662125,0.3540937438524086,0.9137073823582181
0.06867647807770849,0.18816279547947,0.3433637110877146,0.917594499582613
0.12875441764950754,0.3320344538223184,0.0640278598243346,0.9322423797366038
0.14886759226509744,0.3187978517043182,0.05486152350172114,0.9344498825303444
0.12633740085047795,0.3354175255117025,0.07849466806603171,0.9302540146708079
0.11636630306512463,0.32989597529050413,0.06347619834572635,0.9346648068915705
0.8470487804133855,0.5150346472903756,0.1286575822613677,-0.026360998033727552
0.8481699870829713,0.5054190273173972,0.15015375942717477,-0.05111876726892633
0.8489654023102872,0.507072978858813,0.1462863205656783,0.027111846243622825
0.8557383996274119,0.4934434321103721,0.15413694614397191,0.021614174600547223
0.05430065900507834,-0.6265007743328124,0.3573707920688082,-0.6905319219037694
0.12708926864114906,0.47380482844184674,-0.08666452264936474,0.8670908619374372
0.12064952964833876,0.4598844884774505,-0.08314882868840275,0.875806040479977
0.16251912035917726,0.4329640106280207,-0.05489689442585229,0.884938434017291
0.16664362776379735,0.46572420146254606,-0.06687639179066739,0.866520869753785
0.25747396760502733,-0.13131095262939627,0.5968353324750068,0.748499950323802
0.2550750117165846,-0.12478608355958863,0.5980096851741962,0.749499558495869
0.3867961342103064,-0.2386533564592415,0.8384422742618589,0.30074553819018274
0.13934908087908351,0.34129958876979866,0.05084098955126296,0.9281765016122576
0.13132452391864305,0.3236199589158701,0.07132391442843608,0.934310917649707
0.11983774132222777,0.332217849153205,0.062046995277619775,0.9334990020540056
0.1272741513051004,0.3162088175633503,0.03482215125641621,0.9394683027578045
0.1320990260456353,0.3311728288689361,0.038446092013016124,0.9334861020634789
0.841618760772293,0.5277728390802309,0.10845831939649742,-0.03702005941365032
0.07105519287597194,-0.622542058026681,0.3645108857728061,-0.688857285441903
0.07139793056751323,-0.628150885692707,0.3553142400408012,-0.6885351052331118
0.04718937738747657,-0.6278846149943567,0.34327785769990976,-0.6969177751558153
0.059546103012418174,-0.651740144603916,0.3312104930247008,-0.6796974730260777
0.16257957121003988,0.44352532982431897,-0.08539996254479469,0.8772456960434383
0.24020516375358497,-0.11407043690772053,0.6266827410406197,0.7325013015767351
0.24899425437191705,-0.1138445251307608,0.6156463037392057,0.7389322797657295
0.28120774504240315,-0.11232580754230757,0.5953219459602259,0.7442424992878767
0.2474882918434787,-0.1012617424247262,0.6121387917331123,0.7441651057238783
0.3888426781477079,-0.20169021880027377,0.8415958010143054,0.31597299727398476
0.4049447779690136,-0.2407465457306641,0.8279327850989866,0.3042829782827407
0.1297267941404838,0.3250707195836844,0.06510240398872044,0.9344847046079822
0.13281607044719776,0.32185943117124144,0.0544800514982714,0.9358409704569659
0.15172919332815266,0.32435037082344215,0.04237872394872781,0.932726719138656
0.14664352480964563,0.3167117348950234,0.058298922881827996,0.9353024052155571
0.07719813687347808,-0.6282801383829146,0.33609614573952395,-0.6973836076334503
0.0813312481242573,-0.6155859171478324,0.33158673098632757,-0.710274205164184
0.08757772177826874,-0.6177705342459051,0.3453581056290093,-0.7010117606303043
0.08014782440451057,-0.6543210488346313,0.33172929737271367,-0.674830322792165
0.06700979350498895,-0.6451216611406213,0.3459918687718632,-0.6779508512018685
0.24414395269150982,-0.11056121085213091,0.6146726661394513,0.741854070906196
0.24549258411231756,-0.12869142596900776,0.611350668014999,0.7412302400371524
0.2507376438174758,-0.10550141734732696,0.6043021171093597,0.7488785189653338
0.25019523326708726,-0.09727977429418933,0.6106507087755336,0.7450132231280449
0.24359391466857927,-0.07913422852211768,0.6118940565494078,0.7483217504336998
0.2491915830650862,-0.11256277705562917,0.6042503364803333,0.7484081152783186
0.3993194300348445,-0.23835137072895526,0.8246569471668528,0.32198375169831445
0.3920538013649599,-0.1993580283319414,0.8455434105942532,0.30266571357774197
0.40315861119313434,-0.19779317823470402,0.8374794007331006,0.3113988539034217
0.14761181067042642,0.30987306273732107,0.08679173675541928,0.9352307911801069
0.020241098243735402,0.09235445513158784,-0.6597389537055846,-0.7455236183533662
0.3604410055281475,0.08768024396723079,-0.9240774074589331,-0.09206194314526467
0.0859419807436917,-0.6299204877203689,0.33450273536094577,-0.6956450784214813
0.07265525443692802,-0.6338583408753368,0.3227198078078488,-0.6991400026846811
0.0811351799111951,-0.6360946776995247,0.33281677300481405,-0.6913997679995114
0.07710767640863583,-0.6358097736157373,0.32739619960917793,-0.6947028620173041
0.2523420094638411,-0.11758673703662467,0.6094939731790425,0.7423031497920881
0.2296402643549197,-0.11622223317861441,0.6108535595362922,0.7487427263779063
0.2257818416328876,-0.11309342619208783,0.6029623813956209,0.7567488378337415
0.2376994627361143,-0.1157832904748342,0.5857268940858822,0.7661704775089475
0.2462266200106942,-0.1426446305444287,0.6012800232162656,0.7466507179772881
0.25408380032759686,-0.10237812977272856,0.5979879918195018,0.7532400033156788
0.5544241440691601,-0.7443474765412195,0.33502629497772307,0.1622284941475991
0.5762774113116019,-0.7357840125196772,0.3166650404578321,0.16201692591912148
0.5606541726036779,-0.7505064645898195,0.3217513038548671,0.13741558797555836
0.577935557749663,-0.7351825124926082,0.3312525911118007,0.12557422225664133
0.35930065305703546,0.08064061224376205,-0.9244978005253137,-0.09850862497059056
0.35394341766571696,0.1162673349747292,-0.9234608504046239,-0.09179336402461132
0.3601270646380405,0.1062451211365135,-0.9232358569421224,-0.08158445934258046
0.3656434839660806,0.11393744638873401,-0.9181203611604463,-0.10187297662369983
0.36106476293458595,0.11704304562996035,-0.9192441227206586,-0.10451509594398864
0.23283585325773534,-0.4263455021127431,0.28849218262168197,0.8250995326820598
0.19080318877373145,-0.4088287709482059,0.298969129933344,0.8408749244362413
0.24290693719811882,-0.1254904132837354,0.6103768727754928,0.7434301912188639
0.2310604451054818,-0.13299901511812565,0.5883543116864857,0.7633881952225794
0.24994143661715437,-0.10578774947555174,0.6007317213343971,0.7519704976295701
0.25224708606753266,-0.1165175531051086,0.6020836544002949,0.7485254441185171
0.25291444027479915,0.18636495942153505,-0.948932321603253,0.028806888359472656
0.5594685994203314,-0.7426733668287092,0.3299197790063612,0.16304629982417915
0.5697205292566941,-0.7431622597801737,0.31914620503626007,0.14585634711198386
0.5662526953578388,-0.7503067740573038,0.32143292960567604,0.11436127652670318
0.5558679147191857,-0.7530844321369248,0.3363495495791471,0.10365172433034862
0.30521087984259754,-0.7347085826515493,0.0019053043366234882,0.6058432034934815
0.29676703371921254,-0.7443536629217007,0.002252958221275675,0.5982155768381497
0.2971847637168177,-0.7235570360070797,-0.02645557412905706,0.6224520338602253
0.312520493498178,-0.7337204514179518,-0.04739417616110387,0.60144744772981
0.33147534978697196,-0.7067993561248124,-0.027658783809035286,0.624334649321468
0.5944669820760682,0.4082755115589695,0.6861405469869443,-0.09555764575945948
0.18528954388917598,-0.4407512845785339,0.2773332182576398,0.8333620918415798
0.19695375161050546,-0.04688483366025713,-0.4130893813904716,0.8879010052261654
0.19642917167013654,-0.10027655485124255,-0.43869067087761243,0.8711548015990614
0.2121085151172479,-0.05320379806550252,-0.43826709895440213,0.8718378769359897
0.20703955410737215,-0.011188742754116795,-0.4490659744729162,0.8691082703790668
0.259610812335866,0.16713989483145034,-0.9499888253082679,0.04677299929939097
0.5533085066506862,-0.7482573313838802,0.3339260370063422,0.14984680279372245
0.5567351093067264,-0.7529777520109386,0.32785171177479744,0.12483500361723901
0.5620028321437078,-0.7449370962897148,0.3412295755180289,0.11306598085049899
0.12752995695203195,-0.9138538069222432,-0.24003899472355955,0.30164318435137794
0.16816201880893047,-0.8898937185429778,-0.2611435002397881,0.3340879785481186
0.17433006999627806,-0.8946716961755272,-0.26263684064346354,0.3165335253876244
0.32075747445189084,-0.7411849191344755,-0.022627499745778802,0.5892771457354515
0.3122254318747773,-0.7435394193296544,-0.026433376917494023,0.5907331784979298
0.5923968484507723,0.3992168313264407,0.6902164980554304,-0.11529562586398019
0.5980454293872403,0.39946472296320285,0.6860779363405485,-0.10984837169324534
0.5948920136910136,0.3889207009719105,0.6940030392879487,-0.11490849342524102
0.21907853477713257,-0.10241471902921404,-0.46809268638112966,0.8499441498607831
0.19694616107756596,-0.09929427212417953,-0.47865182713327503,0.8498501547579528
0.22629045428119354,-0.015725516785657024,-0.4459379277477665,0.8658433478517132
0.20997576157334072,-0.008652262789230855,-0.448888912873641,0.8685240709384182
0.10851248313841338,-0.8229432385202313,0.14604382429380872,0.5382013271654098
0.36623906836833675,-0.6166191302708638,0.5661900244924325,0.40629871910941967
0.3670587875221024,-0.5960045496913916,0.5935003530528259,0.3972452066119071
0.3731608181809761,-0.5559154671603497,0.6256895428810785,0.40027689550567586
0.5968366718717543,-0.08103195083977342,-0.15423007379612091,-0.7832195697178357
0.16869795496076995,-0.8956137514297554,-0.24105358208286595,0.33363180125250846
0.17927537304102933,-0.8853275046955668,-0.2706108851504097,0.33290433894533844
0.16711811076184535,-0.9004632608103753,-0.2608491947568135,0.3052788079458836
0.5753994895974838,0.41054091996267167,0.6984455162034965,-0.11200643420085196
0.572618744966199,0.39021955415261445,0.7109438522147014,-0.11998046286121297
0.5847433512384093,0.3896311658225437,0.6989209593757398,-0.13331264136433305
0.582354940431481,0.404732637944422,0.6937488785505495,-0.1255655551791606
0.19486455832047922,-0.11472544253040128,-0.48631270105081387,0.8440176737150888
0.23103736829026245,-0.03296652716688463,-0.45312275898516724,0.8603573140444235
0.22822351466889595,-0.028597678006541748,-0.44690495496558097,0.8645068891524361
0.4984540807916009,-0.46032969906324117,0.6380862645207737,0.36398628618736606
0.4973945229365245,-0.4595817730279375,0.634880154122718,0.3719011593882956
0.38176689196512026,-0.6046145221127235,0.5604537561196408,0.41783598109914066
0.3780239030225225,-0.5645246567793859,0.6078556253866678,0.41100046145657554
0.5924077747603029,-0.09377494646930291,-0.1426108357497973,-0.787350898484894
0.5905079317325543,-0.07978482176919625,-0.16172300112757854,-0.7866259820794683
0.5871025774329939,-0.06381705051710442,-0.1839266465074238,-0.7857537377189916
0.9240211304936421,0.23094100853682475,-0.19578208748045667,-0.23349641367490143
0.9267849975127688,0.23434883151713237,-0.16266766478520245,-0.24431419194377732
0.5845017712232562,0.3989445690560798,0.6996104649011083,-0.09872237668527986
0.5912156115743226,0.39583249483289284,0.6940899989611148,-0.10963489411372382
0.5680731336884273,0.39098438911603983,0.7178881678340184,-0.0951877131403194
0.5561384042739974,0.39358348949851774,0.7260371379350054,-0.09312457476352942
0.16444289490166628,-0.09202480509381104,-0.45614891936249996,0.8697230208107805
0.4920631899403768,-0.4844277687390743,0.623349603886324,0.36693163575105614
0.4849020775437711,-0.4600750072603425,0.6347632269767413,0.38765527026754654
0.48944958495728086,-0.4416889023938866,0.6514868660832513,0.3753863084986628
0.4991438610982785,-0.450687292430774,0.6437123674853297,0.3651996143422833
0.37153729859207085,0.5536310766436408,-0.36710877701305955,-0.6486014281276948
0.3661778168534793,0.5461250216793996,-0.3543049728747276,-0.6649280061302381
0.5948128545545484,-0.09893512406052955,-0.15039898004006386,-0.7834472899223699
0.5911588622390167,-0.09367170449536472,-0.15400432641948825,-0.7861548694864672
0.5848713423711978,-0.089121986336497,-0.17173774992103694,-0.7877111968712962
0.9320516507137323,0.22433374352925795,-0.18007717156087502,-0.22028686796672947
0.9364833416524326,0.20582065890877094,-0.1777965806410187,-0.22141631169860584
0.9286723830422917,0.22128754446646295,-0.12608904009156774,-0.2696311955381673
0.9251605999782528,0.24009141428289657,-0.15543384406263713,-0.24954818603914913
0.5800000976375712,0.4238773117613939,0.6897492842785018,-0.09040927027488203
0.5729365072367537,0.3917082965431333,0.7121206629126248,-0.10579475671085949
0.505694087976024,-0.4251968125338657,0.6546949568448918,0.3672270053781497
0.5032597132405745,-0.43863089595166826,0.644848015554836,0.37216076496675704
0.48361159396976167,-0.4777213965285683,0.6237521063495804,0.38579191710205973
0.5067587872800011,-0.47336904819656733,0.6196350619791641,0.36765427467942763
0.49941307330034385,-0.45460978332254537,0.6426193702310101,0.36187963762559744
0.3646619780744359,0.5488691794394338,-0.36932366647381576,-0.6552589526215267
0.3701227103358421,0.5524125418790193,-0.37078469247278145,-0.648358137680307
0.3732259746698966,0.5108519794741302,-0.36681163357244195,-0.6820424124458722
0.5910565821593973,-0.10434409138408712,-0.15492390480009055,-0.7847056843178679
0.5909479665118172,-0.07892083381966894,-0.16690471111912325,-0.7852991915639532
0.93138729733477,0.22031092022642437,-0.16886322631111925,-0.23551223236218258
0.9248911181025965,0.23237998426010834,-0.16658401241035195,-0.25065061216655443
0.9398956591288391,0.20688243441566057,-0.14615131887382862,-0.22898820989836016
0.9353895654415095,0.2178108709962224,-0.18296131912995267,-0.21007127609751564
0.9237972043721903,0.2719653123714416,-0.16931420102250702,-0.2096814140379168
0.05591309392979309,-0.41208526387249045,-0.11242898644594701,0.9024517628289477
0.6924517092589424,0.6559911718432848,0.16041277383269015,0.2538778343994319
0.4747938143469967,-0.4969225306604878,0.6310084364718975,0.35981548810619257
0.5006935769953162,-0.48422631474208083,0.6279297012843342,0.34718166471158257
0.5171651252217169,-0.4876910775203664,0.6163507877972003,0.3388352882201035
0.5054992875340866,-0.4802560680328364,0.6306387820728838,0.340762829495531
0.3698994656383891,0.5371683669895603,-0.3616791297955095,-0.666192718285457
0.3787757062796894,0.5405197771449999,-0.37426898124920377,-0.6513755172879353
0.3788042004382324,0.5279150064556003,-0.36750827813480486,-0.6653952127808902
0.5944484893286271,-0.1087767544650716,-0.15634746734842886,-0.7812516116314195
0.5841295720863087,-0.11167014147823634,-0.1471760175374756,-0.7903553899217144
0.9245292807862013,0.24647682402199328,-0.17790574380826807,-0.22987894751152757
0.9321654397639119,0.21858524012512745,-0.1621673200368088,-0.23872546161076413
0.9375000806214143,0.21232386111679322,-0.1270650863096639,-0.2446766042686065
0.9246914328826001,0.25232706656465353,-0.22322326646405433,-0.17733634354389596
0.9345878556573316,0.2490308974954671,-0.19477423504111774,-0.1630709953197698
0.6945458622110888,0.6525860823336977,0.14479081975710167,0.2660320825462185
0.6912239953472193,0.6553077200903702,0.20021886832484503,0.22955083317841984
0.6819214003430609,0.6617291456303545,0.18020554552226073,0.25421192525234587
0.6795758806130464,0.6709401308687303,0.17115465628793167,0.24232632318799732
0.49736147877945275,-0.48978905108500864,0.6205084214449652,0.35736192267705347
0.6291061170497516,0.4642978081955198,-0.20252243803038059,0.5896080909296032
0.10305981503931247,-0.1680319632531042,0.3315621071072987,-0.9226106995802392
0.37111272413447655,0.5323108743281948,-0.36932929213263493,-0.6652190263591742
0.371433515035067,0.5522825363583139,-0.3560802511275194,-0.6559176767699474
0.38221932439330236,0.5285856913829401,-0.3571392507071668,-0.6685485102293403
0.5827300919636986,-0.09002903313578907,-0.14135426954537092,-0.7951977009485811
0.9185714303702774,0.25675224239668054,-0.15579325832029467,-0.2569694028356776
0.9285177886887914,0.21828744216828141,-0.12784428770240927,-0.2717740730496012
0.9316525538243325,0.24201066373751953,-0.17762212873713598,-0.2047064653908442
0.9340447460824958,0.2554786470421929,-0.1876371637200502,-0.16457025251324128
0.9450769947836418,0.20615017309484002,-0.15640039086919777,-0.19967598203001258
0.7012119029343123,0.6509967141091378,0.17781596284171627,0.22997093025210674
0.6924032302755623,0.6557610702934425,0.16136125140045632,0.25400340930397786
0.6889963505573554,0.6564079032110517,0.18509272086303855,0.2452618563988983
0.6881371723023892,0.6606108379671901,0.18722807772218586,0.23453400556937157
0.6848685960836525,0.6657560291190878,0.17664909429861456,0.2377372778372597
0.11961636527029489,-0.15830621175451492,0.34372240020508604,-0.9178703503636626
0.12894585332557637,-0.16331378066001218,0.3357797181956723,-0.9186694491519283
0.10992049129898888,-0.16841697293190927,0.3356023436018362,-0.9202848883851112
0.7342230602729412,0.5043365261395132,-0.31081244584702217,0.3315973306158502
0.7238501736473456,0.5245602392920228,-0.2805988804426313,0.34948783921467896
0.8670033656646685,0.46592098228942574,0.16994887948178394,-0.04837541267503372
0.8706273295075928,0.459818965864576,0.17335371181178227,-0.022870556328760044
0.8573821319174831,0.4932214592990827,0.1415354511479357,-0.039952321883280316
0.8566365156490131,0.498623718392668,0.1308239869293467,-0.020817107313403495
0.9400597479065663,0.2453836660298438,-0.1453694939108062,-0.18692842761793416
0.6781248736510741,0.6617498506462033,0.16474077367933057,0.274033334455825
0.6946290085656894,0.6518969437342809,0.1549896711984499,0.2617233597345633
0.6963169519585661,0.6521656729552318,0.18986199079874383,0.2318945059373324
0.6822016906862508,0.6664471043325969,0.17209524517724697,0.24664212320465675
0.6944578729925797,0.6543877371005811,0.15693530951406426,0.25470818753767593
0.6792765665421258,0.6760047320558974,0.15724667529989297,0.23848360843442792
0.15165445572494768,-0.14938824584241142,0.32605275475637596,-0.9210720271393957
0.15405035024947206,-0.1669696287425433,0.32427640885647296,-0.9182779771532921
0.7244747040308634,0.5094258784420227,-0.27974862374321807,0.37062431801858586
0.7180237618455079,0.5338522088838819,-0.26905627008455896,0.3564441331025253
0.7236364968867737,0.5238962004929308,-0.2800268662986618,0.35138005867359734
0.8570501254965421,0.4853370585533487,0.1644036265092845,-0.053707258091811386
0.8700894057514111,0.46653669621823957,0.1565408652162872,-0.027980253720477983
0.8731224362227381,0.4572666977335433,0.16900398108774445,-0.001425792700403799
0.8686648616575273,0.4636496025306541,0.17150063497165985,-0.032217020330764186
0.8658613967819868,0.4708842601598036,0.16828704591255542,-0.01521595460451748
0.16163884631692452,0.46569877418610195,-0.041622517707611655,0.8690598950029712
0.13490742526382213,0.44993879155123256,-0.0510779681167513,0.8813320098800265
0.1485644351681958,0.461384686960444,-0.07149949449973127,0.8717457206822704
0.11180764172563769,0.445486092322701,-0.08473559730051412,0.8842290830711952
0.699999013126356,0.6588470708883118,0.15890037473530597,0.22510573007588874
0.6924396859283807,0.6522601610750655,0.16607786055969662,0.25981167767760044
0.15727701271513492,-0.16183071221449932,0.31253349327438984,-0.9227120772143703
0.7332755589042206,0.49465138070906106,-0.27768297434569006,0.37485881613595984
0.7293157010397432,0.5167126080562005,-0.29067193215499115,0.34149160568006887
0.14674472649446846,0.33489763237685855,0.07891022447340525,0.927406457572943
0.13461227542661852,0.3255089077106358,0.060591835418818046,0.9339443858100309
0.8500189255282571,0.5025653119969533,0.14648676537474242,-0.058630717130507055
0.8581216039933973,0.49274763295398605,0.1438512856634488,-0.011571110189432104
0.8620679525945133,0.4902499698930996,0.12842822181901278,6.30057574369661e-05
0.8561492953463579,0.4944893211144974,0.14901969870245652,0.01678763772207864
0.8647721657874243,0.4755113785671155,0.1598346071890007,0.022603727065837066
0.15018437489485462,0.4587492393090797,-0.044186907920659164,0.8746663970561541
0.15033532219768703,0.4394943276451754,-0.059917592703600024,0.8835462121202481
0.11490781603529548,0.4546989663124732,-0.0774545670657085,0.8797987462420203
0.18130285786719824,0.4661016577465508,-0.07461314355367558,0.8627348359630219
0.16219248437401027,0.4464613643379642,-0.06848951483677498,0.8773112529333551
0.12632331090174168,0.42353301743559196,-0.042661152481022334,0.8960146373434508
0.7264573640898757,0.5004496618197908,-0.3124808601188326,0.35237131864475224
0.14177926259790716,0.3161332816800009,0.07218688015464085,0.9352793396867946
0.1380216770521257,0.3225013283971021,0.06166243906147547,0.9344199556167523
0.12926742423460286,0.3258833089898518,0.06895287526910804,0.933989027208403
0.13127820107791793,0.3231476819016477,0.03526338288435659,0.9365351586731214
0.15076507807679285,0.32109130904297306,0.054361843479650666,0.9333890145395234
0.8572140063198962,0.4949387163868176,0.1340837927056882,-0.04734290785345252
0.8563977886586978,0.4880419545196826,0.166443252258211,0.026353785056611165
0.8490772590523795,0.5099315344428559,0.13423447926745502,0.03191775237462821
0.1572568176778309,0.42871252898269674,-0.06258362816002024,0.8874452942426537
0.14431519904471943,0.4550924533747469,-0.05989236158595987,0.876628135089043
0.1408006048577214,0.43776324462581473,-0.07345896667848933,0.8849532821233602
0.14910339431033193,0.44071388151477664,-0.07515487652424002,0.881981403987603
0.17319750987374316,0.4498596760687241,-0.0649358718767182,0.8737346433354282
0.11349229722208728,0.44011051599983825,-0.052204914234933085,0.8892113804418683
0.12285741845343377,0.43523754881310234,-0.04282813241512347,0.8908647944037035
0.14525090937155108,0.31413092531703746,0.0756411151588044,0.9351483073736122
0.15290391170854317,0.3053320429108769,0.08558788322694831,0.9359847496625289
0.1269069996219959,0.3192907703200931,0.06753508077489392,0.9366893990539622
0.14744340366801822,0.3096736312835932,0.046895949511342995,0.9381702695789569
0.144258613877537,0.3097906544693378,0.04491903949333933,0.938723325914823
0.1257292569827096,0.323268762463644,0.06523884218607279,0.9356459558102203
0.8530420433059526,0.500554148210574,0.1347049584528775,-0.06016137656171658
0.36703934570813457,0.08022999909058705,-0.920487827863757,-0.10745894426585124
0.0758170972602815,-0.6493420372549888,0.3139031165813365,-0.68852851779508
0.059286204871302275,-0.6394047492680011,0.32123499089549096,-0.6960278680842145
0.13776870422555038,0.45697619991275745,-0.05663928858728865,0.8769176288783538
0.14280706495170029,0.4536463567428258,-0.05171722489276399,0.8781437546684672
0.15708341586061628,0.446193494327591,-0.07665617449112358,0.8777015420937126
0.23288603752286577,-0.11974970848354456,0.616348700284552,0.7426563003856819
0.26920845704321517,-0.100116151320564,0.6088634672720232,0.7394517165594108
0.27045629048145303,-0.09715305106619483,0.613563606106009,0.7354960100977649
0.2623816556351744,-0.1413727145278195,0.6135531230087282,0.7312470086225425
0.13419800269165888,0.31260553246471573,0.04937566709467119,0.9390584223811517
0.14586406821688816,0.3276629104684855,0.0402975201480867,0.9325968049357959
0.12957732143864636,0.3340843023910651,0.04125149320443546,0.9326819988469089
0.11937336009597498,0.32501464218898046,0.07297951041005507,0.9353018092158671
0.13215335979579343,0.3080675256744886,0.05152474723931852,0.9407311462588056
0.35364946891313354,0.11597258549063853,-0.9217401816898804,-0.10898371442734775
0.37110933483757297,0.11617508322765654,-0.9170064618538468,-0.08877139489582574
0.37569400077122733,0.09554448178967911,-0.9153960875834467,-0.10851392823490233
0.3753876054968678,0.09417804612634953,-0.9162505660058902,-0.10343858835578362
0.14382703322618307,0.4548616098143743,-0.04599104527958353,0.8776670918887877
0.14186427396293086,0.4690892775110184,-0.046173640940077094,0.8704583691248526
0.23865044941029065,-0.12174593137691778,0.592728316918759,0.759537381247354
0.24765873473851568,-0.1087783193283175,0.6225168514954712,0.7343740177566127
0.2663646988490028,-0.08086648195678545,0.6181426211574003,0.7351259478563329
0.2655153425431664,-0.12036720557772475,0.6158106799644674,0.7319771479611199
0.24127879858793283,-0.13339633454826358,0.6061241954875061,0.7460585894724858
0.588461266722305,-0.7254380667016922,0.3316397749317649,0.13216659423205177
0.5732426916776993,-0.7399437860589344,0.3178740501531771,0.15110293891943896
0.11728374818183895,0.32271482822234754,0.05852297696710981,0.9373765109201035
0.13953531838048253,0.31009710927342,0.05854686438303538,0.9385850746819068
0.35345056595252594,0.09637095373650673,-0.9209792698145965,-0.13259909982925208
0.3545296855957826,0.07786749673075262,-0.9252287687739179,-0.1104403930513738
0.35991016534096687,0.08867241292837749,-0.9226656604458287,-0.10625420040525514
0.3607602419495153,0.07620328329683308,-0.9243016645149763,-0.09854714819899216
0.36932337872059573,0.07599614806463167,-0.922304760713385,-0.08472753846989706
0.36784036713302243,0.11107615933987838,-0.9167723088710873,-0.10901414963627919
0.24645191668253363,-0.11844568078914228,0.5835007155144508,0.764695356635586
0.18935800696950233,-0.37664644021816834,0.26799321047136926,0.8662913155565904
0.2295795172534819,-0.13468864616106258,0.6213975534877886,0.7368970717626372
0.2312776258968612,-0.147670057884593,0.5860093975599618,0.7624284882762994
0.23593250353715275,0.19720233875833032,-0.951490480058214,0.010628157014539901
0.2654530884910452,0.17018220229956432,-0.9489479645861265,0.008392635991345715
0.5726835641946835,-0.735209802247209,0.3335109374585596,0.14237463459621852
0.5798581978952797,-0.7329270561384319,0.3179994688126379,0.15955794730683592
0.564204694589607,-0.7411913394777133,0.3210837857149157,0.1709200498398586
0.5738331598592653,-0.7464312862570631,0.3071613286879859,0.13859205497137492
0.16884009298193994,-0.8937928682229298,-0.24739145375514268,0.3338035355184178
0.3554757770736593,0.106959809545849,-0.9213727115709616,-0.1151907002677197
0.3586436830802445,0.11250669470988761,-0.9218194471611978,-0.09468822032078111
0.3575572097388946,0.1411939511616007,-0.9159590351934587,-0.11504849310868857
0.22529253671956323,-0.41681383556315954,0.30322405520286294,0.8267796996346264
0.23930482082857088,-0.39857094887307937,0.28445851339480194,0.8384257603388854
0.19854651965281797,-0.4103229251171352,0.27391210753639694,0.8468686639627425
0.19547365118239407,-0.39771579763478204,0.28362160711922674,0.850394602511246
0.2377607841598607,-0.12911776211669151,0.5923455280700518,0.7588973503689924
0.23805143472398546,0.2117917969092856,-0.9469713616894133,0.04148480839881547
0.23503247463723073,0.202978085025632,-0.9504149587287001,0.016463264863027884
0.25910555933699486,0.16626543898446489,-0.9514143618753792,-0.0055520210042167735
0.5494353811668032,-0.7432373191155702,0.34086574930020197,0.1718417596220475
0.5613559278642212,-0.7463504744148614,0.3111343671689365,0.176170080203184
0.5640934226921896,-0.740306095762935,0.327275991846699,0.16320514762840718
0.5696591789892603,-0.7444451417190162,0.32095789979746375,0.13518830319904593
0.18087589575717314,-0.896609651398453,-0.2581347004440505,0.3110329882501938
0.1792394313367748,-0.8887866328018937,-0.2582523754774734,0.33352250024096364
0.19097818272082487,-0.894714563769131,-0.24132498259840027,0.3236903394881392
0.36039711989136497,0.11615068219692351,-0.9167900308758247,-0.12696052254895226
0.22773270546388186,-0.41586403198608646,0.29935372182456405,0.8279989559124804
0.19606259110172933,-0.36502150797890026,0.30397102131032566,0.8578580169741631
0.17687112011284487,-0.38204842879018047,0.28175608167495503,0.862188561376314
0.17875895880971082,-0.4031184061723766,0.25540629935606024,0.8604117662489011
0.2281543443268494,0.2188773907131415,-0.9471313833133651,0.05459327561434453
0.2754231478732268,0.17556814448516023,-0.9445845518396468,0.03283200699826612
0.2568156993826979,0.2332299465415068,-0.9373752478454795,0.03125913168095863
0.2593022006495388,0.1850564571016331,-0.9474803436225216,0.028239597593558124
0.5553741760489759,-0.7465864134221324,0.32275272242898767,0.17320199778315165
0.5658765970998022,-0.7321908709725613,0.34434574078328584,0.15844941187521208
0.5740690593024118,-0.7300034090505096,0.3496756499323138,0.12355839822000134
0.15017300686591997,-0.8977725727929137,-0.25304049650052424,0.3277544548597458
0.17167008858577273,-0.898492404316005,-0.23935124218393386,0.3255023240107598
0.1722545523595171,-0.887021192480275,-0.25170785954272124,0.3466481310013298
0.17957520289892556,-0.890946106584113,-0.25210611380363585,0.33228043735562957
0.17024704062275187,-0.8962352708291774,-0.25723052810575103,0.3187643955829801
0.5897944170224616,0.4265051136694834,0.6755240077980937,-0.11791203734698577
0.20487861391082937,-0.3970059261470828,0.3175427642277727,0.836407580700139
0.16990053584203882,-0.38836540270981734,0.2623988592346205,0.8668638650739801
0.19036645981581884,-0.1310561546328586,-0.47158563348070154,0.8509946448742471
0.19475484592996584,-0.05142123923939635,-0.44641001633745875,0.8718626631846726
0.23802501970684614,0.1797888033683208,-0.950386275269069,0.0882383360967798
0.2847931038945761,0.19195177409307193,-0.9391211514206086,0.00994320627593986
0.2548205129361316,0.23728988300904708,-0.9363405685174209,0.04501507921788714
0.669326669144694,0.18496355736277373,-0.666453585880885,0.27134831911380486
0.6060563438341936,-0.7002621988234174,0.34973175145918717,0.14147884300704353
0.5947983915816507,-0.07708775466265019,-0.1497490737134038,-0.7860328023530125
0.5949912643477676,-0.07764054782984557,-0.1514748646658537,-0.7855015633701743
0.1749523432568499,-0.8930248969413586,-0.2591855436701345,0.32360634262052124
0.17333599227095176,-0.8900796808221548,-0.25007307355727443,0.3393762711984939
0.17617524648529853,-0.8947956041649421,-0.2462524463162837,0.32812016392807447
0.17303400302358313,-0.8936900245387357,-0.25907591768937327,0.322888591794442
0.5893042250951447,0.4041645195592192,0.6909718041032917,-0.1092224214560315
0.5785980230966529,0.4071910710135249,0.6962028743630446,-0.12133143485568175
0.5599402948531067,0.3777763400388304,0.7243421917467846,-0.13813143147794477
0.06201357382308694,-0.3950405207612337,-0.06541254736566544,0.914231098938073
0.07540196308675622,-0.3835201015580982,-0.08771357627589677,0.9162604456159952
0.48019073312789096,-0.4534091580402125,0.6566339515184125,0.36423735247319083
0.4873849736689636,-0.4350509652021788,0.6611570818405433,0.3688602150550444
0.4976015136368828,-0.4271452519403091,0.65835973151083,0.36946194837374086
0.6724332722807123,0.17652913310311363,-0.6732638622404297,0.2517672164854201
0.626595744658662,-0.05711411157469487,-0.145017695650757,-0.7636004314972816
0.5904238240128528,-0.09297165706368464,-0.14741175830969447,-0.7880518717273101
0.587536837864166,-0.09208824954124423,-0.15106339159851193,-0.7896202062813241
0.5904558521063217,-0.08074115425108644,-0.15909123812268341,-0.7871040151569497
0.16563416415288956,-0.8911905254983683,-0.24084503037885374,0.3468983169015453
0.16625776778908957,-0.8992439895451144,-0.2595317754103184,0.3104220666594814
0.16455812192614305,-0.8937955179951835,-0.2587412929671936,0.32726616053837165
0.581589886737537,0.3705583282891953,0.7163501567749465,-0.10621761562304873
0.5654775482742017,0.38357633565319194,0.7240943302598539,-0.093764268301957
0.04894684864734982,-0.4035668527953943,-0.1081480841834854,0.9072166186858329
0.01239866212973547,-0.39634500754485785,-0.07284254443831621,0.9151234189394408
0.4766901855237285,-0.4768607403303231,0.6408277407039583,0.367028756504487
0.4851997912465131,-0.46759990276321733,0.6377552219397351,0.3730948544254788
0.49911822976043035,-0.453700938703181,0.636155587102222,0.37462317058518146
0.5021754886221454,-0.4558093553034579,0.6358315801846826,0.3684776952337893
0.5002148315789569,-0.43231547793976133,0.6476731606055116,0.37869239077834527
0.6332025116810615,-0.07160239248878701,-0.16234219211900508,-0.7533742026700099
0.5937521676846921,-0.08314660411786555,-0.1605091159991456,-0.7840802441552581
0.5942857570063714,-0.0727735872987044,-0.168125949563538,-0.7831105344039246
0.587749529771174,-0.07668590562022465,-0.16344914624963594,-0.7886406905069222
0.5830836505693408,-0.07109821022626182,-0.18931874656147785,-0.786839826865509
0.932210135525958,0.20758206586598604,-0.1842159864182589,-0.23228951655516533
0.9307416889233654,0.20744637101979047,-0.14817555900148538,-0.2621639093494719
0.924652300888696,0.2546049327798577,-0.12285940711326074,-0.25514704926607035
0.030549718217544236,-0.40332590352336145,-0.07403885638325038,0.9115443916833417
0.032964872680735294,-0.40053636648505236,-0.044878627700980396,0.9145872539390496
0.05013228944053765,-0.39041411048892566,-0.0682365775560858,0.9167373371746258
0.4737738167691331,-0.45335110639109966,0.6570756325929381,0.3718370045202118
0.47144633272058895,-0.479049680250256,0.6460458796092512,0.36176578148899624
0.4931892410023787,-0.47637401301237353,0.6351276047448842,0.35559119502177045
0.4962383006868439,-0.4766385604112248,0.6403860318035451,0.3412754927202622
0.5023809940232541,-0.4801045026565687,0.6289275530137649,0.3486590547127869
0.6292678066002891,-0.07484437718863107,-0.18138793356175636,-0.7520098166499576
0.6085138186723038,-0.09106994809458362,-0.15163903940639858,-0.7735779202942683
0.5983611441593858,-0.09299535815484494,-0.16608175740278996,-0.7782882848790181
0.5776985800359383,-0.10900944761904034,-0.15849726442483467,-0.7932590422580107
0.5814671319682794,-0.10571859545273585,-0.17014048825557349,-0.788525058113082
0.9291972747720192,0.20550819563326678,-0.16179762255583702,-0.2611136446436503
0.9322674861424043,0.22160994277968005,-0.16087681168027348,-0.2364001248022067
0.9394959113084099,0.2280586648987022,-0.16955507125208136,-0.19127926132255868
0.0014029052793334276,0.4182212238031843,0.07945686305656773,-0.9048622252755134
0.039725543064990446,-0.40211437761383667,-0.07187942314613976,0.9118987098755029
0.70038142541049,0.6529314081722821,0.12809437125301162,0.25833750640475445
0.48945352836494965,-0.48966974225024873,0.6303342862400687,0.35119435457578113
0.4987466245692441,-0.4779821316989366,0.6318199930177607,0.351551394081097
0.5090576225689407,-0.4849789079233585,0.6248126950687567,0.3395068362416893
0.502970911510994,-0.4935506788354478,0.6211686687371896,0.34289571967893717
0.3899335034188592,0.5344690249406694,-0.37810048394664253,-0.6475606136337967
0.3912137041558453,0.540956898325917,-0.3604657553371909,-0.6514460154636413
0.60174551470598,-0.07099448939363463,-0.17925530660809866,-0.7750675151622655
0.5991242202588168,-0.06696199700236384,-0.18145581890576282,-0.7769427555759557
0.5791517540400979,-0.07186769050232424,-0.1851099998858295,-0.7906659021333906
0.5767933399823769,-0.09487366490863103,-0.1750266820354455,-0.7922588536800594
0.9233808534072138,0.21457153922568162,-0.18554015912242625,-0.25865363610069764
0.9330586992665644,0.23620712322439594,-0.13512684794383004,-0.23526239313967529
0.9341298183452956,0.23262227029966462,-0.20615146748712854,-0.17547060805650114
0.021890809980869178,-0.40170794874898824,-0.09272025557140227,0.9107988090445857
0.023865296213346456,-0.39167920391232286,-0.09276981113169633,0.915101967543425
0.7001856226048944,0.6486746371237458,0.18005822926272452,0.23778213373705215
0.690361866765998,0.6589311386557134,0.19918885331585912,0.2225624589636908
0.4979284333274623,-0.4998890917205096,0.6199411640936984,0.3432945154310699
0.49726157135250937,-0.4901368397752393,0.629898960236489,0.3401824625758429
0.08930704487573787,-0.17023399918550972,0.3321924257271314,-0.9234136827805808
0.11441430824206686,-0.16589747633268292,0.3308441581130824,-0.9219162307164258
0.11034536516334395,-0.18556342792239566,0.34033737913951173,-0.9151833602973267
0.3859478582092064,0.5260726646597409,-0.3658336915816416,-0.6636697313764389
0.5997409486199552,-0.07517915086944682,-0.17594664021090628,-0.7769824126847912
0.5814412953812329,-0.10705620540074864,-0.15703173767680498,-0.7910790240379212
0.559317801720489,-0.12045128318918809,-0.1515182812579403,-0.8060380236076197
0.9275250057405179,0.22723526174285627,-0.16733769123051834,-0.24507059521767965
0.9387276658815134,0.2394238410908119,-0.14264743352258286,-0.2027764861501158
0.9344181785782404,0.2514945914628147,-0.17932595695443257,-0.17735653122975908
0.6944832626302029,0.6499360538373811,0.1637929909583379,0.26162564851658443
0.701521269803869,0.6529981529977336,0.16726804635860001,0.23126331499330602
0.6980655343164653,0.6521820963571555,0.16053597646444864,0.24817579102575596
0.6899332129659128,0.6584158612959972,0.17978395706146075,0.24116061872475286
0.6946067592291302,0.6550474023986802,0.16893439638320615,0.24473561318816783
0.15073849381575982,-0.1689459796110184,0.34008394517609125,-0.9127311064540832
0.15740851991969818,-0.1726143744072093,0.332510923375001,-0.9137085538841158
0.13391968224131526,-0.16847223121428628,0.3235601051082903,-0.9214073390202497
0.7292797186730677,0.5029846340825296,-0.31808992450047835,0.3376038354940225
0.7351388385072342,0.5019988694686808,-0.31451158445577365,0.32962173231375375
0.7348933981077813,0.5012405344282799,-0.3046354955601252,0.3404215547060551
0.7378037314312937,0.5041978117875098,-0.2979324137936436,0.3356583043600134
0.872992670209801,0.46361757112587837,0.1384618901305793,-0.06140725107648272
0.8659866611685433,0.4810813867528521,0.12693704693741723,-0.050147663085326984
0.8703759727603126,0.46412962073230685,0.15909470240364873,0.041451620806901124
0.9402035070190073,0.23135080584406942,-0.13144423028805496,-0.21264191578435332
0.7009833688830018,0.6457442366832472,0.15170175843633307,0.261960443248847
0.6951245027313488,0.6470157022137093,0.17368321182589766,0.2607810359693284
0.16179640930354744,0.44765236107933326,-0.0679067590969807,0.8768226489008607
0.6977004078610953,0.6483420863497525,0.18189839174485595,0.24449878326639246
0.6992255062891044,0.6471172683228608,0.17224570835023856,0.2503085063437297
0.15034251860438985,-0.1737696892901116,0.31587933253961153,-0.9205549790523304
0.14371630908754676,-0.15696894670558292,0.30882228357790953,-0.9270033276305527
0.7250491253466986,0.503608756034818,-0.2938274254024964,0.36653435140569146
0.7386292206422906,0.4976544711959426,-0.29351176649371497,0.3473006545369418
0.7349064768132486,0.5059980868015097,-0.286607965514511,0.3489044003660355
0.7336163170692037,0.5169469625537468,-0.27442465182273723,0.3453462721794492
0.7116258327861033,0.5217369294822847,-0.2938588005126728,0.3674591894171868
0.8618576294394332,0.4709996128341718,0.18708472922957597,-0.018976179178046403
0.852400278552556,0.4906920027466068,0.17943904282939674,-0.020898647624164844
0.8688823904380715,0.47426713742211624,0.14167938101506158,0.0064052278057462764
0.1439254982327179,0.4230568599239139,-0.043512993852268526,0.8935406893901331
0.17986019163509695,0.48453224215023954,-0.07888765527400544,0.8524409396710235
0.15985015943702224,0.459794191050782,-0.06981511838149529,0.8707256041080298
0.19008487408916283,0.46198640265705415,-0.06246975267239371,0.8640218946320466
0.15535407408744076,0.450836155703174,-0.06797295891387109,0.8763512704570643
0.135988547793229,0.4331980246507515,-0.06775016293095382,0.8884010928238466
0.15490923574890145,-0.1643586529085104,0.3171563428257918,-0.9210869753172933
0.7315473016690426,0.5135391419535115,-0.29750635469791803,0.3355682702770791
0.729921873955927,0.5111172230080606,-0.2879276462455086,0.35081464164529597
0.7245333131599472,0.5139579102008773,-0.2967075136781277,0.3505187526942896
0.7128054738669444,0.5272481481694202,-0.2866614954832654,0.3629640942084162
0.7080915123202679,0.5239868310715545,-0.3087766965627763,0.358749442791714
0.15139556967111908,0.29453683530758473,0.06875590999601869,0.941063259813903
0.8563380034719618,0.48820618649572406,0.16669074439597514,-0.02354015738419353
0.855698780802228,0.4851914753284323,0.17437609984535207,-0.04429226348837623
0.8661862957543737,0.4723562794910438,0.16289680266474918,0.008091844925432575
0.1434874223478019,0.4464661067223956,-0.01600900875225311,0.8830759235846601
0.1915153202730441,0.46611180878691344,-0.04150540639868316,0.8627508128363516
0.13783773839950214,0.4345981877343054,-0.046300320559143196,0.8888090083966794
0.16065483256172783,0.4426118059763221,-0.05884454000149686,0.8802398162415479
0.1425565778856316,0.46645555248302045,-0.08410195244485381,0.8689209982813522
0.16342404485063955,0.44448127611322863,-0.03631837087369239,0.880005654917338
0.13739968230428987,0.4471328964339401,-0.05131400692089514,0.8823606818773136
0.7235065546527186,0.5112200657501009,-0.31422117736681016,0.3412584965143445
0.717228580690623,0.5207572007903708,-0.30205149037158596,0.3509415877746548
0.7150074619656358,0.5112803403356725,-0.31005095967481977,0.36225011431940507
0.1460540277170952,0.31157807755964867,0.06286193585539601,0.9368221280437177
0.14261851625357866,0.31601594586229736,0.05844969266563995,0.9361503694437543
0.13907096425629878,0.31162610342350355,0.05648393453052747,0.9382739491778819
0.8647343343676738,0.47823263881724604,0.14772769638875705,-0.041286824233173945
0.8565305370325115,0.4912931525367006,0.15323021385535057,0.038819826934073695
0.8660777355256054,0.4734125249980138,0.15297021436551322,0.048888144972103344
0.16172483688957268,0.43986407082895906,-0.05791273407133683,0.8814821561207012
0.1548968306621828,0.44287351500100147,-0.056356361715188735,0.8813024350673813
0.16445036363963036,0.45215247270645703,-0.059906511529059736,0.8746001538992825
0.1454562569639344,0.43474826389245375,-0.06708792179492597,0.8861916469374878
0.15425052111823367,0.43032466621590415,-0.0543552312778194,0.8877347392175542
0.14520545640752588,0.4449392094750206,-0.060337398272643825,0.8816483843749244
0.13358849641555381,0.43837081073946754,-0.08062840065229422,0.8851464324761789
0.7291202830260687,0.5194610688094179,-0.30549092171633213,0.32437494912565096
0.14630773657321428,0.3189929426563361,0.06109821410450389,0.934400640511079
0.15519191233589677,0.3141289722038885,0.04804363536841321,0.935377072772389
0.13745705005013997,0.32874935060473665,0.04021999563634942,0.9334943898168265
0.1351576592232507,0.31626427263271345,0.05251631913459442,0.9375240547495013
0.13435534542663524,0.31228854924865307,0.06472870297460398,0.9382082381724681
0.37379854773063004,0.11351729547033294,-0.9136154852263949,-0.11267304246407908
0.391160024224241,0.07424658775037211,-0.9122514190855742,-0.09632563538681488
0.37045711250261976,0.06603356909271829,-0.9225214809364797,-0.08576253704189807
0.39556438449648135,0.05480954170282169,-0.9118069096218595,-0.09556616253717003
0.1544418219764571,0.4378510086807931,-0.03666243727358431,0.8849237727143311
0.16082908255714434,0.42904777373967257,-0.05716271567186794,0.8870087023191346
0.15161708736502702,0.4526206428721346,-0.03943493697576693,0.877833525339901
0.13652144540504305,0.4441325996095779,-0.04011267471514854,0.8845897932012062
0.15465099987559539,0.45912398716379615,-0.045889637495466276,0.8736030985629754
0.2711511086893603,-0.10561188700284728,0.6039847496279578,0.7419741422698515
0.5696070574126355,-0.738117157533431,0.328914789407958,0.15015299933469722
0.5925897023488681,-0.7220874845076508,0.33702162254838763,0.11765855397014457
0.5772826057787788,-0.7336135482451701,0.32897203326742336,0.14259507784033748
0.13677754184374807,0.32028645503352,0.048649211017110824,0.9361312648537359
0.1122377469239985,0.3346651652731396,0.05596759704078654,0.9339537158765454
0.11381177471915994,0.3123325355211084,0.050203642934231685,0.94179342821362
0.3763510868196622,0.13394402593619364,-0.9126184081059845,-0.08687058507781735
0.3677090818875049,0.1005852946338098,-0.9204641662129531,-0.08612983408071267
0.3797639709937861,0.08101041226589684,-0.9183455464051489,-0.0765382050832709
0.37550391896519597,0.09885480676727024,-0.9181291523918529,-0.07914160441261704
0.20612993058848653,-0.4225263198632852,0.2879426612793177,0.8343086866105127
0.15989626259918746,0.4588756802941723,-0.041804413098076414,0.8729940929278376
0.1303564346062748,0.44219760789581375,-0.05833309492497143,0.8854748587986192
0.25286413548739256,-0.11363260222731053,0.6132325692705134,0.739657472537896
0.2677521299288336,-0.09277951284920258,0.624747887690335,0.7275924929110404
0.2742760268973509,-0.07889615917269051,0.6198188539083276,0.7310079653991252
0.5769759880972838,-0.7194540066822248,0.35848902649445574,0.1448111159791045
0.5727680738825134,-0.738601948879978,0.3279148774528304,0.13738896533823067
0.5804019743424014,-0.7292457048365653,0.3285146569609978,0.1530110137168613
0.5807043808547976,-0.7346895374541524,0.3123546249415158,0.1595252139603484
0.573734759105353,-0.7334938845027577,0.32759951479759625,0.1596674841530278
0.36107288817950933,0.06714895759753957,-0.924557952628595,-0.10153806747467743
0.372166042138844,0.08095654078007988,-0.9182915913992703,-0.10806955514402375
0.3683884644921608,0.11145951336196039,-0.9199287995673744,-0.07481791120281728
0.36748858436373494,0.08892879560474674,-0.9223835931442511,-0.07907159270514318
0.3766448873819869,0.10967201175635038,-0.9153081580094178,-0.09122310303718124
0.22769787338758377,-0.41343171446984445,0.3064775364235535,0.8266192688251626
0.18144309457536933,-0.3778764178415772,0.29278166542945594,0.8593990415741022
0.16313191819297207,-0.3804999143268088,0.25805402107421765,0.8729352293677922
0.23646078506030266,0.2282599940111672,-0.9441478548867256,0.023843245909102813
0.26946200329489844,0.17026978629727002,-0.9478383056892847,-0.0009873817136177587
0.22393204038873715,0.2038661595260172,-0.9528030362594885,0.021433720679094076
0.23928589884682852,0.17946961415948723,-0.9541458252112061,0.011775416703317899
0.5728900636941828,-0.7238210380345682,0.35051046761511245,0.15818499268663483
0.5728956917249919,-0.7336494077363008,0.328974558659455,0.15913771610129065
0.5670189890069344,-0.743585226053449,0.3147305936936051,0.16283467411416436
0.5887347827825441,-0.7260429149762943,0.32071523900992205,0.15295351130825677
0.21216930177312707,-0.8717321745542748,-0.2802421526357331,0.34136716174534093
0.17710788251726173,-0.8954708512947077,-0.24316828787492284,0.32807611343065196
0.18300111403089736,-0.8840394293705128,-0.2469303379065829,0.3521509446289325
0.20174984278109567,-0.4045711818056587,0.3139489698398105,0.8348983196334137
0.21733884630409678,-0.4094963518455916,0.2789295137079545,0.8409963674683737
0.21038693767844877,-0.40166388390752467,0.28410383377990006,0.8448008478038892
0.2037775898520743,-0.397831633307895,0.27622299903881764,0.8508263866475074
0.16040658332203914,-0.3716069557933545,0.254166226794662,0.8783948585857673
0.20826456658768014,0.23297949362082002,-0.9494053290456632,0.031240151022813998
0.24714557138185836,0.19782909412279917,-0.9481970416334019,0.02655346121604782
0.2679181451873388,0.16601138771495882,-0.9490054421445523,0.006982650524889564
0.24094408600554545,0.18317959328258485,-0.9522832103402395,0.039342995918796315
0.5341454194175129,-0.7578390930247834,0.33467848214776924,0.16840099045411938
0.5648276024449352,-0.7414944881997088,0.31666489401992437,0.1757243534092769
0.56399531999404,-0.742413627670283,0.32666301228935685,0.1549921316593668
0.5668540122099964,-0.7449734461184367,0.31594558891529967,0.1544975024549403
0.17977700567982255,-0.877885806838762,-0.26926709134601035,0.3528341988780457
0.17410471903143293,-0.9045474419700674,-0.25394420128094575,0.29494713877604567
0.17812127875688233,-0.8928336554650016,-0.23776010420586527,0.3385129341266474
0.18719210936016129,-0.8990713349274009,-0.22860614226672282,0.32306203835034814
0.2081926460168184,-0.43140929044135873,0.26779907225309124,0.835957835758349
0.21149961265644207,-0.36434159030118884,0.28368683955969887,0.86142027865822
0.194719447509844,-0.3994626663767086,0.2944402581137813,0.8460607834751364
0.1455261100789087,-0.4059345207547711,0.24712736898762622,0.8677369299748336
0.21690662968058746,0.24162602954197088,-0.9455323264619001,0.023173162579543848
0.26906022979429245,0.18454567287101004,-0.9452764185643783,0.0014070798595406967
0.23748419394594275,0.1935608450384755,-0.9505879224776085,0.05018026039730561
0.26562201400501084,0.17234790806131497,-0.9480948019210287,-0.02928123687851797
0.22632790585813656,0.21781027301456793,-0.9483759581809671,0.04378819411122674
0.5643272084219633,-0.7347150948261835,0.3447909307771276,0.15115470658589641
0.5744332216906823,-0.7331686296678408,0.3278737838828566,0.15807914515008586
0.5725216465496089,-0.7458398451163983,0.304892240392985,0.15160016958109954
0.1853862629277804,-0.8847980928572886,-0.26977525646478706,0.33164073844016095
0.16365761409716534,-0.9058753199158353,-0.24712618703601066,0.3025470836026174
0.17713953893458298,-0.8897343939388525,-0.24773972666314018,0.34002841031475434
0.16085880367955588,-0.913691763449012,-0.21510554814702887,0.3049941144359726
0.17166229392592755,-0.897293457033265,-0.2361786527888185,0.3310833018686377
0.1936937710495673,-0.40873047873327584,0.2985792496408219,0.8404002323268294
0.2272224599795288,-0.36563235246740744,0.2898051221939086,0.8548075383735071
0.04434009091474496,-0.39066875966093667,-0.08447263003723374,0.9155742740691496
0.2231211953694982,0.23798430050791045,-0.9424982393831943,0.07264622253239242
0.2675855758473,0.20145161883451193,-0.9421697988268088,-0.011457532285520487
0.2826723038926918,0.18546043435886753,-0.9407451860638266,0.02644410704021621
0.676479151756877,0.16529523609924116,-0.6613834222141797,0.2786133718640448
0.656690045548282,0.17605975349819525,-0.6876185438213828,0.25483697822119783
0.6672369012889433,0.18729882269724357,-0.6692160979534332,0.26807439790949184
0.6125212938412403,-0.05603046981569416,-0.1412291160426912,-0.775714243665208
0.5973075282094352,-0.07280634167939563,-0.16135940644468,-0.7822314844772094
0.17671729493989413,-0.8926394525255174,-0.2512016653459359,0.3299447359657367
0.17451364239219494,-0.8897294582441805,-0.27044569937201896,0.32370604480408743
0.15968751890830868,-0.9015266443245759,-0.24167762883140614,0.3214677738128776
0.1621842426868363,-0.9016713827098699,-0.23407105808017675,0.32541623929268715
0.16022895361134576,-0.90958348892158,-0.21660457208049808,0.31633371375761316
0.20351870771467184,-0.3778488977511291,0.3119307424403508,0.8476494310733762
0.15631299984116886,-0.406861320565501,0.2737700109677189,0.8573681198896345
0.02367771445843268,-0.41160297769115206,-0.06646515538310037,0.9086279424020056
0.05636856158456823,-0.4050754225294177,-0.07781655395888668,0.9092200345666962
0.25043796828463993,0.24694156130050487,-0.9351752344395396,0.04180873395455405
0.6599070381319266,0.17878550739336904,-0.6860290488762091,0.24884249530184246
0.6636290354861135,0.19125430380461012,-0.6686573292075539,0.27552798520840943
0.6775145114470963,0.1703150356644467,-0.6592403013502576,0.27815301630728834
0.631705006071414,-0.030223904699617103,-0.1573122017773628,-0.7584775356337072
0.6271762981840673,-0.038093218377304255,-0.16078797313256088,-0.7611478341332332
0.5746286984164882,-0.0788509868627369,-0.15428657058995252,-0.7998625100369041
0.5935784732163268,-0.062063252360073026,-0.1666002760120718,-0.7848930480475449
0.19620162921861176,-0.8863906515171662,-0.25436618233081165,0.3333382349527045
0.16495573396579125,-0.8874468846135927,-0.26520908465042653,0.3389568914188334
0.16861999516982268,-0.893644592202114,-0.25620929747925697,0.32760255789909826
0.1466625462514277,-0.9006498785255536,-0.2264888260809021,0.34062105850849644
0.007099094182156241,0.3905191016145375,0.055054133191316953,-0.918919733466705
0.02725724394909201,-0.394870276475544,-0.06408956503218471,0.9160933549930447
0.038180734908910045,-0.39731334811561797,-0.07879942438101221,0.9134960238600902
0.06344370606757853,-0.3990276326362839,-0.08366867962619756,0.9109069088566089
0.04663043648969074,-0.39531901772112804,-0.09638747178645145,0.9122817174006063
0.5078264017330666,-0.4462902436252839,0.6358173548335474,0.37238911831604576
0.6361930313433245,-0.6839410181990686,-0.2374558105852129,-0.26664179813812494
0.6795825939346202,-0.16368188392869853,-0.6590307189616095,-0.2775864736610726
0.6558208622985066,-0.039247002969485925,-0.1527284706501662,-0.738263288796631
0.6092681819053994,-0.05942884124357368,-0.16608880383738778,-0.7730944344554559
0.5874234958137166,-0.09049359510117769,-0.1762080396481476,-0.784662521454296
0.5989722053343391,-0.05811205083854821,-0.17888021380037442,-0.7783682649588103
0.5911093782335111,-0.08331057456300152,-0.18543971754354743,-0.7805518319033938
0.17710081915784648,-0.8952528848984284,-0.2345433443229046,0.33488354926524644
0.15730483233123618,-0.8939627001879776,-0.25966869073270527,0.32963320744582836
0.012095779116087902,-0.38700649244342267,-0.08377726478688921,0.9181835529125107
0.014551554720980001,-0.3878485092734482,-0.06374709448239343,0.9194009430355286
0.06613193138211475,-0.3916510632963195,-0.06875761914860375,0.9151548514210855
0.020048419898274994,-0.40982938914314887,-0.09051794616877883,0.9074383913387851
0.01885126277052868,-0.4077753026616428,-0.08316508270034537,0.9090915803430406
0.4997344981238307,-0.488819003951649,0.6208544214753899,0.35476922089592244
0.49614918297470995,-0.46367223120287876,0.6400209599798551,0.35946796940942705
0.49785447614274403,-0.4586509217943744,0.646871510958368,0.35119439180067025
0.638911541774009,-0.6953114839474804,-0.21457289477180547,-0.24958456464284637
0.6318612130982436,-0.05422500508566325,-0.15860081194379844,-0.7567409323250883
0.5956578101505615,-0.0687796981159709,-0.16430014664865816,-0.7832410791990823
0.6036126916508592,-0.0694528249772744,-0.15741079292403237,-0.7784920461069005
0.6021013567028983,-0.08078812927815229,-0.15491669138987174,-0.7790687088781586
0.5717903006020306,-0.0842577081660858,-0.1736213241005608,-0.7973782832317459
0.5916471736993134,-0.07343373453582215,-0.1754947774908346,-0.7834300808363048
0.6032863776393096,-0.07349432169246159,-0.19398371840968115,-0.7700743134436825
0.0011513626848402394,-0.3990004842999354,-0.08737925851720636,0.9127771650700779
0.03437053210434756,-0.39106438969433704,-0.09289670876013603,0.9150177654763837
0.04577538478559294,-0.4053823410574886,-0.08922279385618426,0.908630323488589
0.02675762873455337,-0.4013577091330813,-0.0752525753304327,0.9124325008076414
0.03201642619928164,-0.3952037873962043,-0.06407676270600499,0.9157964202606604
0.5018048857122717,-0.4710746675005986,0.6344283589394489,0.3518254847049774
0.47930845948818485,-0.4780980202381407,0.6459948763119053,0.35267024752054094
0.49101125801264484,-0.4796233620078163,0.6335929295575409,0.35697251257744245
0.10643528951618753,-0.1833301191535629,0.33828213732943924,-0.9168570183624991
0.6015586215046723,-0.06091526247574361,-0.17230128758442342,-0.7776431199384842
0.6058027300201793,-0.06972572552294602,-0.1694014376936446,-0.7742380308456327
0.5901246422960851,-0.0591875316754732,-0.18883954424840513,-0.7826808859152863
0.6108834412814653,-0.07234314885656914,-0.1859774583037687,-0.7661594318315873
0.5722049337486311,-0.09680377869106935,-0.16793273590631577,-0.7968746064694714
0.5650677471938521,-0.10220782267520338,-0.16743155399771095,-0.8013854732843432
0.6398571676009811,-0.5638683355116741,0.3942403649735578,0.34235922640183086
0.041033323150307346,-0.3865645733983482,-0.061369672791083005,0.9193029208297508
0.031382806163218875,-0.40026592833958474,-0.0848519697059299,0.9119223921610852
0.019679331589520045,-0.397505857836089,-0.07134598138247061,0.9146100632700019
0.012193660135242397,-0.40361710887996827,-0.06623372512656094,0.9124459642782916
0.7098395187434082,0.636972782152803,0.16099593890592012,0.2539169944734811
0.5012258546704171,-0.5005111721057373,0.6252761613269469,0.32755294424487913
0.48203620514043966,-0.5085234760697807,0.6345762397977246,0.32612569218614473
0.11142461600830174,-0.14790938389416725,0.31229085323543365,-0.9317627337948944
0.10757200289341534,-0.18542946592123746,0.32738984409916916,-0.9202500026310163
0.7247748525946311,0.527000159495621,-0.2930344256319167,0.3333212719473416
0.6031952275661595,-0.06516513256454397,-0.1784357702822003,-0.7746416583318072
0.6241057291974023,-0.07001323417093251,-0.16583631924800027,-0.7603213143416278
0.6083626032968813,-0.07862449662046248,-0.17824516271414,-0.7693775363305263
0.575452531190627,-0.1005207787982997,-0.17130922419332592,-0.793349297020149
0.5594097594655408,-0.12446005390699298,-0.17688179005976437,-0.8001770106304154
0.6245788039522688,-0.5632295133022062,0.3946132338617617,0.3700732747174214
0.014969755142619005,-0.38847601924698993,-0.05294019372662998,0.9198149948707998
0.0043073058180718524,-0.3923385428703837,-0.06797929479735501,0.917295334324659
0.005884533936680779,-0.3990868393833172,-0.054847712953291945,0.915252312357186
0.41061192990529405,-0.1533691167119529,0.28361564976532094,0.8528997129010187
0.4104394122708044,-0.15769471490286574,0.2741615707732075,0.8552819996104607
0.6936989241577978,0.6540074506840078,0.18243747379301142,0.24035936684086867
0.1502351763359321,-0.16436488285580647,0.3148249153889943,-0.9226585770074546
0.14732301281171756,-0.16238392711871158,0.3224867853439805,-0.9208309635259281
0.7392954665485696,0.5092158662230211,-0.27868866547892485,0.3412829360824349
0.748238923781127,0.5020816072276393,-0.28355785646553255,0.32809680684097503
0.7335542120386386,0.5111038696034558,-0.28279095485898953,0.3474195278430488
0.7346583555499174,0.5069838109871825,-0.28257400875862676,0.3512783021931239
0.6110837488403268,-0.034978958158126565,-0.20621863614098812,-0.7634310699058396
0.5859651027115842,-0.05702863869092397,-0.1939881753397624,-0.7847045435076901
0.5713869174307292,-0.09720843870688226,-0.1954390832730701,-0.7911201392725137
0.6051524023161963,-0.580823864314578,0.3803711282473379,0.38955360787632887
0.39625991444101155,-0.14269290010440408,0.27572432571320743,0.864056081904985
0.41999291038636366,-0.13780818780195556,0.2916646179074583,0.848260932296678
0.41012019448824405,-0.15224053788370953,0.2855720892202066,0.8526856551837905
0.40969230991337563,-0.1446889812189894,0.28440567680800855,0.8545938923904337
0.405445182198121,-0.1432063688184877,0.2755860349476614,0.8597432625522471
0.4076299712154347,-0.13526792940625032,0.278875715822164,0.8589346476686834
0.16290074670713173,-0.14806522300714006,0.33444707596336726,-0.9163433798733193
0.729100170612976,0.5179682667304468,-0.2903399800696839,0.34033000432744903
0.7347932534028382,0.5141906825342565,-0.29103835568834435,0.33314185006818486
0.7277212570299435,0.5224211496765383,-0.27450352646554876,0.34949353126400035
0.7249599023792542,0.5183857226292778,-0.2926168903992714,0.34653244865300076
0.7320477885294883,0.5163182394055531,-0.27449963539099276,0.349530343656238
0.7234677206802936,0.5228999681509833,-0.2802229947177855,0.35305120545433233
0.720789232748619,0.5035937119502814,-0.32435251743022503,0.3487860370979179
0.8623105349767248,0.4657945969162805,0.19819866681304582,0.013161429454498075
0.8722884722653258,0.4507149238967503,0.1895824661559816,0.005231353169767014
0.18004897091401165,0.45136839746003554,-0.05380476725644456,0.872326764961184
0.4210045890352214,-0.14825593248608876,0.2669411885352749,0.8541180927467463
0.40894213683003455,-0.13702960183115864,0.28446606934241275,0.8561940623128363
0.1608463279387262,0.45560590972068793,-0.05232926382910485,0.8739641651482721
0.4404480771249229,-0.10633923279208778,0.29317680814164493,0.8418698344126753
0.42660720963706894,-0.10658902707991931,0.2764694783874035,0.8545230807368677
0.4349716256894842,-0.11754243031488291,0.27495850908793235,0.8493416745932462
0.7245655080104454,0.5169626246228286,-0.29512655237552626,0.3473539800082582
0.7231918385229041,0.5296982714389462,-0.2706393846196912,0.3509524603434617
0.7177481722181039,0.5273868607597538,-0.29294239345198697,0.347685798522408
0.7194873922806776,0.525491923435389,-0.2775944061286023,0.3593570319882921
0.7020014140456794,0.5354891403516369,-0.29823903960087034,0.3626277299122093
0.718556586370687,0.5141411282514337,-0.31867647254149467,0.34319183887755617
0.7313197083589422,0.4883729986054078,-0.3287154614638826,0.3443972180397816
0.8826720308972248,0.4400224558388034,0.1619651467067943,0.03221203938908103
0.8813282946622419,0.4428100056228788,0.16425044806371042,0.014195994466079493
0.1458695139902327,0.4179347494675613,-0.05670883343590993,0.8948948196777532
0.17596941005405003,0.4674914897416708,-0.040948154254047,0.8653379238237104
0.16380529423474324,0.4548270172561006,-0.03945113545386797,0.8744963223856282
0.1671145888001099,0.45272830887301685,-0.06726872284919878,0.8732609641346544
0.1556380912147899,0.4370442034256407,-0.05904481691180931,0.883902063811888
0.14848598131327903,0.4488514946179068,-0.057207637478915885,0.87932447671311
0.14625670655497044,0.45482553641924856,-0.06282156697858565,0.8762397833532733
0.7119039944261398,0.5371585526705527,-0.2937173238049021,0.34406907113233837
0.723364110946294,0.5302666557198549,-0.2939265249270746,0.3304070743353603
0.7058456070433814,0.5539465426855893,-0.2849883585003906,0.33720445190343495
0.7102791358517705,0.5407845812111796,-0.30278993624649564,0.33372719458527
0.7127859940517844,0.5310467785050386,-0.32433178826215536,0.3236268481533983
0.14752045016759396,0.3426143119286044,0.06244463475619355,0.9257180011397667
0.12190393263009466,0.31075977217946227,0.06517804975489513,0.9403826971156128
0.8813398348033274,0.44167475390059796,0.16367611093904447,0.03706262353853352
0.39223473432116274,0.052151264047087253,-0.9146488192130343,-0.0827628924246851
0.1633359388689324,0.41122985903495274,-0.0375086858038881,0.8959935672766645
0.17206321185068651,0.45113802641540934,-0.021398957563993924,0.8754489230473755
0.15491175050235637,0.45323857566152154,-0.07539798289411412,0.8745812067864881
0.15699857647241322,0.4531216879200296,-0.06470209112454224,0.8751261750891987
0.13793959025117752,0.4460745240875665,-0.09064716038774027,0.8796438374222989
0.14933494538630102,0.46212313379751185,-0.07323624995693208,0.8710784895678939
0.13234219003991773,0.45884379891352267,-0.07250831942812484,0.8756086206449513
0.7218109666640175,0.524220575339247,-0.31025449449837095,0.32851767903433454
0.71163885402484,0.5484353722450497,-0.28708789513113714,0.3322187899288957
0.7103133467934649,0.5420611770199009,-0.31475931828876497,0.32023616486158857
0.16851970338971792,0.31100194876803167,0.037180613732168744,0.9346103462911308
0.1393551510019511,0.32404159997064874,0.03888192400341167,0.9349146374741806
0.10365953623105274,0.3343971221882161,0.04584460512037324,0.9355915441056313
0.36950638407886255,0.10627984329324199,-0.9148934525911477,-0.12304307148465315
0.35934723181056943,0.09494698493676236,-0.9238954648814224,-0.09094947505642706
0.3856488924439505,0.07320130390557594,-0.9162968072488422,-0.07947743005945734
0.18752408374761903,-0.40952674674797096,0.3155621413826667,0.8351904553086231
0.15901855769561773,0.44174840687374894,-0.05591433813811903,0.8811611828283669
0.1616566579365997,0.45493300527397373,-0.06948391635034114,0.872969112297668
0.144589438224881,0.44870551892335775,-0.06340885475159425,0.8796229696754314
0.1434109364240685,0.4531633426303093,-0.07337633404728745,0.8767509348793863
0.13315913875671226,0.4510405992420471,-0.053339026355498254,0.8809006583425814
0.14771827808470228,0.4704226841305096,-0.08766272159525514,0.865561699601854
0.5969307982664658,-0.7121820017550671,0.32864784140657793,0.16870392643890214
0.5937210989145469,-0.7188551310787842,0.3287388423830312,0.15057666065520103
0.5893167020925254,-0.7195516915019108,0.34324265500059903,0.13090327604635685
0.5961378080517161,-0.7220264419729897,0.3207757369670575,0.14283017004947404
0.5881675396273516,-0.7246296607315428,0.3172358670813016,0.1683217298924054
0.5797215139668737,-0.7374409556160546,0.2984536470388286,0.17615113906318802
0.3883352426223369,0.11157963911743177,-0.90669090723525,-0.12106742835624204
0.36689734328889245,0.0997888257146898,-0.9196317195548708,-0.0985191866520802
0.37377601598689314,0.08543231290119674,-0.9189387470423726,-0.09243586408701167
0.21714520124058864,-0.40289071208586336,0.3253661107874628,0.8274442154273427
0.21906219267622556,-0.42930385489042305,0.2793642502415996,0.8304610596548497
0.14880598671460293,0.4609309888910081,-0.0567824502637437,0.8730264343878118
0.19264571386443877,-0.3977031732740158,0.29583658607474267,0.8468769268536488
0.12997839744505368,0.4830659289529386,-0.04439768991846126,0.8647437595105005
0.24376855347920542,0.19102545173085153,-0.9497963037364193,0.04442015909826801
0.23688765546100207,0.1722298191480941,-0.9555913347963395,0.03265469259623733
0.5732593894531925,-0.7260988450202424,0.3426286902603516,0.16358398538518176
0.5840503390574115,-0.720565327812279,0.34340835203013187,0.14745003749628033
0.5823051079603534,-0.7303586196510061,0.32507024344822527,0.14773755368649444
0.5851831851123893,-0.7286226288782881,0.3211188523623438,0.15346787027160735
0.5623095268268635,-0.7456223989150836,0.31594908819675754,0.16742582818520704
0.5646751694363622,-0.7468929526853312,0.31829826082403545,0.14825345664569817
0.3729695573149266,0.11210150741577862,-0.9175662715401353,-0.07999436657260686
0.3598259010150974,0.11321934895134307,-0.9218357924280179,-0.08902511881663279
0.17876349755404902,-0.3840667196750727,0.2973486807974476,0.8556401865318684
0.22178915474236838,-0.3960500718489464,0.311458282090543,0.8348339056029755
0.21792541236326982,-0.42535854974406473,0.2832622884033792,0.8314692386218541
0.16595699346573528,-0.37043338818297106,0.2884539045023598,0.8671976281197048
0.16018340270929174,-0.388379816737332,0.2982010245369981,0.8570755768382587
0.2466522548746195,0.18771193110029707,-0.9501349090674341,0.03421331114174425
0.25048176863875593,0.19761392967329136,-0.9462709709943571,0.052714967818227994
0.26584010996031854,0.17913613962414304,-0.9463969757523104,0.03964900633970622
0.2451123378627884,0.15979196711822044,-0.9561607527012462,-0.011961775190754814
0.5545111168014643,-0.7472143802817531,0.3407523975411975,0.1344466244041635
0.5868922080189374,-0.7326565976112258,0.3122107791399519,0.1459324348190733
0.5778691960756008,-0.7430781379335979,0.30277434110528734,0.14909651746548186
0.5983992922624238,-0.7200047350595632,0.3080193734637897,0.16922037135821763
0.5854189800262389,-0.7313994694511852,0.31456591156129593,0.1529304456122912
0.19323362960494014,-0.876446854652203,-0.2913147273174465,0.33111539530490397
0.18883674953123272,-0.8879045957152368,-0.2666826195851907,0.323800079285693
0.2082709216725059,-0.41484493571213577,0.2902493761824676,0.8368286575669881
0.20505008497498622,-0.40621649113413516,0.29786514284845533,0.8391775626518451
0.20942551276630042,-0.40757847278925846,0.2814494387900901,0.8430936819393745
0.20567536291629068,-0.4009641197441369,0.30273895937758183,0.8398062528000375
0.16950194077633832,-0.3983058723263491,0.30883455107288,0.8469018503976795
0.22085808616234437,0.24407495597897116,-0.9432158275367387,0.04464330100647997
0.27133085555610365,0.18380940565376935,-0.9447577565457095,0.005143020816495181
0.20779236077267338,0.215820865797789,-0.9536376841034725,0.02861566264439153
0.32200524159381305,0.20372058501222218,-0.923158795686317,0.05087617885982564
0.5384653965222702,-0.7622496830696144,0.3241648852513828,0.1547500067151683
0.5596004992825824,-0.7551865310251757,0.3042304612937039,0.1548690123357997
0.5633775763514351,-0.7447854029155664,0.3210153051455104,0.15763750800686677
0.5828932957617285,-0.7428146824508117,0.29673142478739545,0.14287132264794175
0.2244261033781058,-0.8744949189571731,-0.2747972776170253,0.3307234752098475
0.16256363550701797,-0.9029297075647472,-0.25020224933560464,0.3093377475110103
0.19386229247473066,-0.8857757814836208,-0.2717340000687997,0.32245822938813706
0.16004391106407992,-0.9037387686345101,-0.22852583629856396,0.3246815774606475
0.21028004110116982,-0.42437997579493153,0.2904548003017496,0.8314565228804537
0.1934887715741156,-0.40060402649404264,0.30507130207587513,0.8420273213389399
0.18178581704858515,-0.3807613624745448,0.3093161967296554,0.8522313019405048
0.1876002979194755,-0.8540260894878373,0.35326496435145044,-0.33264009327861416
0.2521039322750128,0.2274744624816834,-0.9401134961569209,0.02975887420176198
0.23283830530743158,0.21184799355619993,-0.9461110259166851,0.07603076907840313
0.2628900066666565,0.17344122651124005,-0.9488152919862516,0.023590825210795734
0.2812636654870797,0.19536160782925485,-0.93851071403875,0.04384326969577186
0.6640967274582296,0.20133716887848851,-0.6660839873495076,0.2734428693600296
0.5692429766474867,-0.735901829730924,0.33148170539450855,0.15662314492097043
0.6005141395868568,-0.7262499711021411,0.3105471549883114,0.12451591126864885
0.5519908425214326,-0.7497908309330399,0.33621350509068126,0.14170497032870535
0.1711681229427215,-0.8911309472810304,-0.2668249252352794,0.3246406748382995
0.21097102927056008,-0.8826653521502902,-0.26245790100889815,0.32788557626087833
0.18174166181850845,-0.8886974945027644,-0.27704176832074384,0.3169141685530508
0.1710600455522526,-0.9063021307552974,-0.23127085762310348,0.30962670914884466
0.15738315088790159,-0.9092747142652724,-0.22392279131320392,0.313542056740251
0.14932593138591985,-0.8175125117198787,0.41585187015411385,-0.36938094358874135
0.14726256422034706,-0.8511506907243229,0.4121415728367459,-0.28981987992270225
0.0318139332854146,-0.403022469255674,-0.08396463516975854,0.9107747816912697
0.255110718920382,0.19764269103185167,-0.9462685015155106,0.02078005806546632
0.25837422290179085,0.2132144364134995,-0.9422080295901837,-0.005137511124375916
0.6753553586702814,0.1842509132237432,-0.646818857787367,0.3026088328225041
0.6668286729033542,0.1937473663946141,-0.6706477565353975,0.26083148901760456
0.669926197604079,0.1663031716014394,-0.67130349504538,0.2699884486767911
0.6324441295161867,0.19118709619056862,-0.7046314947032628,0.25875929734596403
0.647991289366624,0.1794775782414706,-0.6948608026201457,0.25507558251554396
0.6073472591333693,-0.036949735353707526,-0.157297866678824,-0.7778312188507003
0.16571220313471408,-0.9078489622189952,-0.24897918825318618,0.29386917386299155
0.17787728905575337,-0.8846078831012754,-0.2651831539679302,0.33986241046175975
0.19429639073472177,-0.886872877568698,-0.26226784324746905,0.3269877520317826
0.17931591393415808,-0.8883733105747388,-0.26973921810890633,0.3253911773272783
0.18639245414441083,-0.8969353299401089,-0.235233568392684,0.32469991568292117
0.12783931883150654,-0.8354448579560912,0.4207728893982016,-0.3296045713016006
0.03348970046440543,-0.4006851632458931,-0.061919886185045195,0.9135073987725811
0.03910180147736203,-0.4023550298480535,-0.08855776032157923,0.9103510323847734
0.04468365392603239,-0.3924628126475015,-0.06872425340792734,0.9161076840383743
0.03932966829966664,-0.4122153123001493,-0.10779671442239594,0.9038316114500893
0.6302583097596073,0.16675908371799852,-0.7046534391696441,0.28005249801222876
0.6768859817427506,0.16114143521821248,-0.65277534758754,0.29957161273714494
0.6644560865220341,0.16345109361937576,-0.6693497284294191,0.28940074313988223
0.663226088169197,-0.19732552555291863,-0.6684365191366102,-0.27273872629603085
0.6145016047681121,-0.0428548478668698,-0.19135478940507042,-0.7641561256205852
0.6269256124531475,-0.020927482106033794,-0.15876081634729194,-0.7624443062517349
0.5735607296591163,-0.065032151152409,-0.1474431077825139,-0.8031559242618002
0.18628699669502485,-0.8837913911913157,-0.27372015071103156,0.33058616246479056
0.17975039995969952,-0.8858337942567218,-0.2696231984910136,0.3321018119531169
0.17910110911911253,-0.8877908537349262,-0.25978646655370946,0.335054002412228
0.1792502507311426,-0.8843953976725359,-0.2635325963305355,0.34097609719707117
0.004391307372836444,-0.39970579550131236,-0.07409217699707132,0.9136335932801809
0.03862089274937648,-0.4007271911859325,-0.07197528837845714,0.9125490138892882
0.03368176021649991,-0.40364701725564384,-0.07879457609856151,0.9108929900195677
0.03462760454412507,-0.40066954326918996,-0.07846622291850351,0.9121994836442839
0.046370246937624364,-0.4150679936869328,-0.07018633611177166,0.9058930615910763
0.6132943158239468,-0.7038764505982411,-0.2256421014851249,-0.2784127628335947
0.6368264885639138,-0.6923703110704342,-0.22017707438180678,-0.2580647820378711
0.6846826711263178,-0.1813090235739265,-0.6494985505198501,-0.27656520153955344
0.6689845262760208,-0.16303871057247074,-0.6765758659556014,-0.26100417633544165
0.6382963386271743,-0.02573569813900358,-0.1630120085260897,-0.7518926406161532
0.6017512589974885,-0.05113530474605736,-0.1838371603913645,-0.7755543187699397
0.5851326611789792,-0.07897252869158114,-0.17939783892863065,-0.7868923204107412
0.5888851337073397,-0.07347922385527503,-0.15020410438300297,-0.7907299349250761
0.651308622579878,-0.5060070022842829,0.445571119176732,0.34816715748038396
0.16801646110650234,-0.8970645757706943,-0.25560573671232945,0.3189221269437711
0.0004929617703557106,-0.40453745118526596,-0.08682248323422123,0.910390610662404
0.018886917866493453,-0.41684330069898123,-0.0863724706506228,0.9046683056842383
0.03607521575141704,-0.4001680585300973,-0.08263350656087022,0.9119955083958452
0.011798373330492091,-0.40057545741616013,-0.07698425878119411,0.9129477121952269
0.024233932773908416,-0.4091361755012645,-0.06638045702267355,0.9097328955929698
0.028098808204511962,-0.409012279432252,-0.08094698101142427,0.9084971098007169
0.6125494794706547,-0.7097851200285107,-0.22354510655073956,-0.2664879057735289
0.638215116556558,-0.6904129251240371,-0.20840922363478542,-0.26940128679038655
0.6358408788329415,-0.686052733527006,-0.22238053609946165,-0.2749271190501064
0.6489190382379487,-0.017811458458067336,-0.14964570538683314,-0.7457834783764048
0.6236713118492367,-0.04473819518391486,-0.15905452437602696,-0.7640250303121319
0.604215047527867,-0.06865476116403203,-0.1489765599434363,-0.7797542463480572
0.598719075375743,-0.05366900284672313,-0.1693764547163866,-0.7810036642054643
0.5885619547411466,-0.07216501801864685,-0.158492550835904,-0.7894727018302642
0.636598103857762,-0.5200555947349675,0.4451456102687179,0.35514844531273393
0.6329054560311953,-0.5208589725779892,0.4325839908646876,0.3755099269773383
0.012377154696192466,-0.41198097776915205,-0.06424274904313257,0.9088406621588744
0.026204259839749257,-0.406567792090167,-0.0833570986989907,0.9094325490643407
0.011731360153743358,-0.40415456029526853,-0.06486310282651604,0.9123125804641731
0.041575533834888566,-0.39137497997748794,-0.052875994594790095,0.9177697038089548
0.03127036301451314,-0.4026134831777968,-0.07248133830219822,0.9119599789235846
0.0489280938241177,-0.38248158760092565,-0.060717941776155616,0.9206667194633904
0.6238787812784047,-0.7039795789725883,-0.23463277099452345,-0.2452253686623413
0.6216246280095964,-0.7076712815178939,-0.2436403785803346,-0.2311353393403617
0.640112322920681,-0.6886220057966529,-0.23476759055475943,-0.24686053877199007
0.5997418102333179,-0.04346355168906803,-0.16919700912600164,-0.7808924720058779
0.6053856457088627,-0.056066658628172304,-0.18946963553702836,-0.7710162170599275
0.5856607193597088,-0.06974179993215121,-0.19521251561590347,-0.7836004574323595
0.5929266348586507,-0.05625113929365645,-0.20739982719225047,-0.7760535591594092
0.5775643347559043,-0.06811159997851947,-0.19284991478593713,-0.7903095340013256
0.6342341224707637,-0.5422706402429163,0.41814059251116115,0.3589541412474487
0.6212180723156638,-0.5427886573623117,0.4327247380344761,0.3636177679380142
0.02469948452767183,-0.4000226707206783,-0.05532699380681997,0.9145002581354821
0.0189287156762623,-0.4042753700087278,-0.04778536885895825,0.9131920320776823
0.014758520153811476,-0.39915645828627394,-0.056575226062667315,0.915016694758727
0.02994285268354498,-0.3795183770308618,-0.06276956302699684,0.9225666420516364
0.0003564015568145452,0.39249274279269514,0.07552492629263613,-0.9166489542575661
0.6012710899944876,-0.7178445611522918,-0.2576647573491217,-0.2382879249587206
0.593110747008016,-0.7328872833806649,-0.25107180722491346,-0.2192232178837777
0.6321068490220657,-0.6941926596785877,-0.23931946545048774,-0.24751500181657032
0.6230326361585619,-0.7133256622746816,-0.22229659072304342,-0.23147582935289793
0.7312341270218654,0.5259756568570928,-0.2757984378756561,0.3355316401439187
0.6037937216299343,-0.061274216002398435,-0.1844774518903656,-0.7730761165096247
0.596526394959835,-0.033161225462291714,-0.1804645130764356,-0.7813380528056642
0.6015356074616649,-0.006669166825209988,-0.1829237987565993,-0.7775920003562528
0.6049236403131601,-0.031218893365718186,-0.18469779518269902,-0.7739376554619527
0.6341141651725491,-0.5399868393559122,0.41352099576616363,0.3678502751262993
0.6185419027944519,-0.5396973338065619,0.4268180701414981,0.3794193423775266
0.632892257011123,-0.5577275222876216,0.3759101806301782,0.383508719583876
0.024833469191976865,-0.38182503482360797,-0.055694111073115,0.9222207477505683
0.02754017939780746,-0.38101270305488777,-0.06338375141109344,0.9219833830859433
0.42466814095104943,-0.1259420876132936,0.28951370211110433,0.8485148065406449
0.4321310492892511,-0.12291045706071779,0.293360797537638,0.8438573447291772
0.4270049056571052,-0.13731830141461734,0.30103148543565017,0.841540575027596
0.41584010731141674,-0.11265536570310544,0.3029414393784116,0.8500660315745273
0.7289041828741875,0.5041762053495082,-0.30674646270432815,0.34700382384963135
0.7401962338245045,0.5088070321178901,-0.272833293643267,0.34465480321500075
0.7314584762494218,0.5158721205916578,-0.2772344830422949,0.3492642182236991
0.7434751571277559,0.5068672741186508,-0.2772614431176809,0.3368328210280114
0.7365010308918495,0.4988302960848403,-0.2997550093059522,0.3447919685827124
0.5855644315697365,-0.06448290539804052,-0.21244382826715472,-0.7796305992090322
0.6082899329401639,-0.05248669500650922,-0.2129982280086399,-0.7627976528517404
0.6403383862321508,-0.5453180088937685,0.3965935042153954,0.3678431903785826
0.6199914915381087,-0.5450523288017954,0.3981142453739785,0.4000419439488797
0.42186936120301666,-0.09469277021980835,0.2735582322887135,0.8592004509387385
0.4224122590705111,-0.11806106644474029,0.2788782589870641,0.8543163258660238
0.42050798697737574,-0.11309509058717138,0.29108874461507894,0.8518508532200529
0.42374283166307564,-0.088558140855681,0.29161715983127495,0.8529706327853759
0.42517497055985176,-0.10016892604819212,0.278233197349086,0.8554406575307755
0.42108255358678476,-0.11945281928295377,0.26054939468357025,0.8605431540371533
0.42466118438071,-0.11795603492113158,0.2892821350776382,0.8497441371559915
0.7315657016282298,0.5067438038224182,-0.29224657640276697,0.3501632191844886
0.7344716638263541,0.5076803628664914,-0.29113944752172005,0.3435838271697933
0.7491310577554127,0.5041960870240126,-0.2805429770343909,0.3253991428578327
0.7426031948183306,0.5073640209113148,-0.2795465824728453,0.336118957451174
0.7293250606919801,0.5126444493755627,-0.292914311642409,0.34566143899214363
0.7454048162042881,0.4997870789329293,-0.274661550170489,0.34517469282826274
0.7347822527289576,0.48094301842899756,-0.33918780246655483,0.3372543383810988
0.6408597415642662,-0.565626018063714,0.39393992781698667,0.3379013651986577
0.28139317899364136,0.7997178295666985,-0.01823796274162911,-0.5300345730270966
0.4382485119038289,-0.0691492246873217,0.2965234222385216,0.8457130048681866
0.41786316935295814,-0.08212508834553872,0.2964529342124574,0.8548458921696721
0.42856829112465944,-0.09334475121500395,0.296016604434343,0.8485223315636777
0.42682591344081977,-0.08930707822121037,0.3058429508990991,0.8463474314844536
0.4185125396448482,-0.09600769832628783,0.2996787437527115,0.8519521269208175
0.42382217836625274,-0.11425094943866382,0.2954343627411827,0.8485517185115823
0.436777903928413,-0.10087577114250076,0.2730833581651668,0.8511607491711205
0.7392201782097743,0.5007981893854397,-0.2898209460777082,0.3446135819296696
0.7385560307124179,0.5087791855361133,-0.2904914732332641,0.33360670533173475
0.7365077086137963,0.5202951988885851,-0.2860664411469788,0.3240606307706096
0.7049229836628784,0.5490698562699852,-0.300945216591557,0.3332234335249308
0.7021089298439214,0.5497502036321374,-0.2980017372686076,0.34060641336407455
0.7086835458159904,0.5332689589515297,-0.31576596275996555,0.3371701440974557
0.7782720049926507,0.5292842092094153,-0.26169338046664964,-0.21369952444079252
0.33466533068369986,0.806968898869409,-0.03369183634632014,-0.48545357436059333
0.31203275736086955,0.8112694541960749,-0.028983283598014154,-0.49359639412586137
0.2985600182109159,0.7948418075649368,-0.03199999544094073,-0.5273181361991842
0.43409642066439136,-0.07269224839601028,0.2921555827022971,0.8490708157070163
0.42740497634484736,-0.07250750597787592,0.31257358655449174,0.8452013965682916
0.4244105923590062,-0.11100798650806551,0.29248071994859715,0.8497104827429476
0.4310180158960334,-0.10305637584440432,0.3035706222562524,0.843473609945098
0.4380056311639793,-0.09986862236888486,0.30147268401391547,0.8410062699696307
0.4538140006993289,-0.09064422589851591,0.2863920403100445,0.8389374686635341
0.7285656474807009,0.5187453714263244,-0.2972861228451179,0.33423988107122926
0.7263601228429273,0.5258513889054033,-0.29765193866978756,0.32754329810878935
0.7181329128837802,0.5270981172634487,-0.312566113790761,0.32978040984892615
0.7063524714013161,0.5551421201407619,-0.28020887865163535,0.3381810120566591
0.7162981281637986,0.5392046899105329,-0.2852542385443059,0.33882932777437197
0.7674393842166285,0.5470611685157373,-0.26144867952264106,-0.20833976440244348
0.7656065941960666,0.5461846567477353,-0.27146274291905487,-0.20454056532561296
0.343390128377559,0.8130368068122765,0.0021407395091660206,-0.47015932165138924
0.30397207433176615,0.81618334153046,-0.026114179228356883,-0.4906768597334145
0.31178617730852826,0.8151874474533719,-0.017885113090404584,-0.4877898398732127
0.2828254538755559,0.8082197509328742,-0.0016523655758342597,-0.516515117426482
0.42401638364139094,-0.10709977975882358,0.2778722546750601,0.8552933728616672
0.16425827295377154,0.44756961725047417,-0.041903292889517905,0.878034607248213
0.453624439751364,-0.0904562882464186,0.27482741652130405,0.8429189870356271
0.4380041463405424,-0.1174092559404949,0.26449001321134036,0.851124237299971
0.4496007281284622,-0.07460350235238411,0.2576941741689181,0.8519901497684782
0.583487332804695,-0.7196124215306984,0.3407932076208746,0.159876467544987
0.5961992029266421,-0.719173155404119,0.32634170054045625,0.14435226864889586
0.5819953732286891,-0.7282307099240486,0.3199945478743047,0.16901156171882026
0.5941717250528831,-0.7194756449135843,0.3141984564507409,0.17491165623775654
0.7334908239784317,0.5899402154555174,-0.26643577306977706,-0.2073010664624024
0.75362826893504,0.5702819543341724,-0.25962610105903594,-0.19853768526820148
0.7649254380204119,0.5514879420847462,-0.2536455917014422,-0.2154391742809047
0.3560852537141552,0.80131262614514,0.005966794182897097,-0.4806930045620426
0.32368002121276,0.8129510944446173,-0.011981076873219122,-0.48394030179967873
0.3032638704340435,0.8162275255758878,-0.018041063797727554,-0.4914042850837521
0.30405186124908773,0.8131592145055984,-0.009689853392673194,-0.496216348256315
0.16884966476915794,0.44311146066870116,-0.048054889043752075,0.8791090670504917
0.1565915677849685,0.433085935339919,-0.06425630199618694,0.8853173335946654
0.14661043347852817,0.4394289498028713,-0.0754492184833014,0.8830147191868564
0.12673564320093086,0.43940324784176354,-0.06939648585754059,0.8865929112502424
0.25633051099652926,0.1527442928116384,-0.954313954511033,-0.01577106119590009
0.5871169529978919,-0.7189044949603114,0.3418383624364624,0.14702565964854156
0.5859711622807604,-0.7209867581244175,0.32808444831035755,0.17081125946923362
0.5807423995084368,-0.7275029696564399,0.3284159033227232,0.16006464006445698
0.609213750048985,-0.7110106448067371,0.3209589485441025,0.14250551944477421
0.5648935216360703,-0.7413852636621667,0.32713839449424986,0.15563955437453186
0.5674239883650917,-0.7424902552838004,0.31794789311333505,0.16014798000986644
0.1584618011237363,-0.8709525205787894,-0.3144052505714247,0.3427548728978113
0.3740769186155785,0.10473304907271504,-0.916947779225459,-0.09112747974406565
0.19804715221067112,-0.40858229582982514,0.29537767903768647,0.8405889957416657
0.2126849947392748,-0.401481377168712,0.3085224794465354,0.8356983166643518
0.2326834578603117,-0.4031071090624395,0.2996247710151926,0.8328193463504463
0.16849042168263456,-0.39281753165859074,0.29967084542238237,0.8529377169680649
0.18978183794764555,-0.3780092359543362,0.2933086530541611,0.8573575132708563
0.23980728569969517,0.1606036928838715,-0.956542296940697,0.04154219205606802
0.20016365864393115,0.19538961141307817,-0.9590221362736949,0.045099353068096815
0.2815159129771834,0.11110163202066313,-0.953046599753656,-0.010363242782194946
0.5716964035225001,-0.7264076048579262,0.34523625943783237,0.16219475630668032
0.5849938110295708,-0.725714510891843,0.33578275284512893,0.13553830687248133
0.5764676103952722,-0.7295941881013361,0.3353912813573274,0.15129475616625676
0.5612168669719204,-0.7502461738815849,0.31207472452721685,0.1574029005880343
0.5553657307961565,-0.7524425660079226,0.3118771336195201,0.1677252021669261
0.5717449585839215,-0.7399059910617208,0.3076913991738911,0.17599099294923
0.2048190106753281,-0.8662800148178676,-0.2936259656021108,0.3484134054788408
0.16148086306962328,-0.8917841182208357,-0.27171503383185075,0.32375292700010033
0.20017448752895675,-0.4016880879308547,0.2872565836596679,0.846203586438364
0.2137078845027546,-0.41408564524272173,0.29397074633434744,0.834531736247881
0.21604585395898263,-0.40725113954876446,0.2990346668607939,0.835493247332868
0.19380909572064564,-0.40121617005301685,0.27610833042371874,0.8516030819428503
0.16916920076752281,-0.397189615219345,0.2835174795065879,0.8562943593693806
0.25298460651616234,0.19892615842414338,-0.9452077865204906,0.05485811390769606
0.2661151912395629,0.20194194738017077,-0.9415421893318389,0.04359427242245378
0.25254166322333005,0.2123021385583525,-0.9439366552304935,0.011580207779342109
0.23321472183899644,0.21013258261320955,-0.9490186261586637,0.02861535332273349
0.562059094301785,-0.7429956873156441,0.3296438710668048,0.15291141687625098
0.591368940180708,-0.7417974660906033,0.28114288973422774,0.14483774177677103
0.5784173167734,-0.7376943437697216,0.31389981152512014,0.15068965177248925
0.5675254370520814,-0.7523194603566423,0.3049464704113292,0.13761525370105976
0.5635071009255707,-0.7478024679516163,0.32288389615949165,0.13783035127575274
0.17911873710438883,-0.877957913492548,-0.28104608283093424,0.34368514585202564
0.17500921722929824,-0.881182790584326,-0.28253764011831106,0.3362456622459003
0.171716996190068,-0.8956844187638531,-0.2596372197782134,0.3175707941687313
0.20528618136708607,-0.4014148045266902,0.2920182870686043,0.8434743970412126
0.19863137136231132,-0.3926007787793382,0.2943846139383862,0.8483795765392589
0.19424890806825978,-0.3928184056022789,0.29522357636704677,0.8490018267892142
0.16519278367397042,-0.855917115904406,0.3664494212264844,-0.3253183926658668
0.2605763102295048,0.2006636831322524,-0.9441302492216259,0.021263709076418058
0.2560408727306998,0.19253534997888563,-0.9469177446132363,0.02683273069204068
0.2519987802643611,0.20394105333260346,-0.9446154999086742,0.051051139489222006
0.27063285687466776,0.1711768742754223,-0.9468638227864213,0.03008713332035101
0.712541722638244,0.16694565060548552,-0.6225380682245715,0.27723599487594297
0.5447117378374475,-0.7473543840473634,0.3468533429756215,0.15634355047116555
0.590807224652647,-0.7287089283278604,0.3075792675432219,0.15913866673776442
0.5872589757969751,-0.736531362296684,0.302861496524533,0.14464909824191435
0.22562115892526,-0.8752581692585598,-0.2765112462092507,0.32643492538511243
0.16812688160031655,-0.8948513842624087,-0.280550307649852,0.3037529862315391
0.1844822875062954,-0.8854210991853073,-0.2668049733114915,0.33288266540957234
0.1451660518995598,-0.9067914596342598,-0.24889073443648946,0.3077490348025936
0.16529522936260313,-0.8387952576215004,0.38876289378627815,-0.34345802561093897
0.14698597434889182,-0.8341083867307402,0.4147317906075666,-0.33264976234711285
0.17425362562745644,-0.8476959189066127,0.406639763156075,-0.29273094480278494
0.1577568281812746,-0.8528266835278346,0.38217187348069026,-0.3189734944244705
0.23759316220170382,0.24119151666692334,-0.9390221756550757,0.060112354727728495
0.2622842534586537,0.19745746422306545,-0.9437856823936995,0.03855004434358813
0.2758106994757722,0.19280176741288235,-0.9414027571831316,0.022732912377254992
0.6824224622415559,0.16712228649180055,-0.6511139932027473,0.287089345398776
0.692630967208653,0.1798683096964135,-0.6447904290384292,0.2686168964361687
0.6890444658850441,0.1652934273704083,-0.6443966872245313,0.2874868977803817
0.6116483741944315,-0.7196021037116249,0.2913062245353884,0.15231468158404984
0.5633206356453109,-0.7543025746595822,0.3084265227910522,0.13627386894452342
0.20405649594718483,-0.8871216940008233,-0.2618527476304081,0.3206387142147248
0.21462100460132721,-0.8826910259504036,-0.25816581744482847,0.32885374833439956
0.18955590497408178,-0.8833123220015725,-0.2825898812307716,0.3224451266737113
0.17233672793884014,-0.8942352041996661,-0.2574620374342956,0.3230429554308487
0.19015772231222636,-0.8357899898015753,0.38926362825936134,-0.3372965480209763
0.14693122241768033,-0.840370740207683,0.3952725016704153,-0.34051121024842745
0.1442676543403595,-0.8462311608527032,0.4012026664731476,-0.3195560775949244
0.016291254357303726,-0.40208247904720956,-0.07902660552372866,0.9120411562501514
0.0024606553753356453,0.38027765999557234,0.09476484557965696,-0.9200013426760201
0.6431170298089038,0.16434688803923964,-0.6683834066223138,0.3356399977856365
0.6481689066498058,0.18191829355469946,-0.679361359825861,0.29197764588765834
0.6452751190057133,0.1515676188018853,-0.6805863124725836,0.31216910320827707
0.6725658541435162,0.15592507652677,-0.655370719985769,0.30631970510507217
0.647295657563764,0.17121444428364824,-0.6873148148598062,0.28158886881758355
0.6719261610243444,0.18807616778406103,-0.6659061259709418,0.2640295828825259
0.5624128921724258,-0.07709230036140542,-0.18440124617883039,-0.8023370216753858
0.17788051543302444,-0.8797466150463382,-0.28629707556735423,0.33531835629051426
0.18979876217348354,-0.883714502897986,-0.2825161091950152,0.3212627511718238
0.18156246772617454,-0.9021105114689429,-0.23161357849200698,0.315573835525937
0.18521814504606735,-0.8889946997569838,-0.2697490214987574,0.32034064361261944
0.17279619661261875,-0.8475142346419235,0.39073892343842603,-0.31493521591862006
0.14777717068623952,-0.8464701491107577,0.3963680413181547,-0.3233304351742833
0.15413827008467318,-0.8497935703292,0.3917206364840245,-0.31724946725724584
0.029095649808200105,-0.3994865070319281,-0.07676401134144636,0.9130560007055636
0.007828275961436924,-0.4015262217037832,-0.06673466765436355,0.9133793820274342
0.02885077018652757,-0.39598050343872504,-0.07806994033577792,0.9144791732850049
0.6529954906803584,0.14674157749902142,-0.6784796901714139,0.30286813732896845
0.6413335815465854,0.14334073624578653,-0.6843013773927793,0.31603211136131465
0.6832784545437878,-0.20128075547080443,-0.654923741780668,-0.25237175651281646
0.6706609383406579,-0.19830784339898413,-0.6635391757588032,-0.2657135059868062
0.682997198178179,-0.20338402744321665,-0.6488743875577222,-0.26666794676774547
0.6027485021536523,-0.08707712460903577,-0.16638980359792324,-0.7755167637001766
0.6134544352202957,-0.044329393708704624,-0.1596163897412915,-0.7721600668824585
0.17673015297972033,-0.8753655354087104,-0.2721766852499941,0.35835943471982445
0.18063966713039736,-0.886645561433909,-0.2704231613611346,0.32878605938819444
0.1815895171081283,-0.8992177082169249,-0.25220296067914805,0.3079389990407359
0.14947964499058905,-0.8507390680370074,0.4047830954181993,-0.3000825211715483
0.021993213020865085,-0.4127392081754248,-0.06973650656269544,0.9079093921026334
0.013134023667706739,-0.4019725679282113,-0.08509862474938316,0.9115940851723752
0.03397294125833064,-0.4125352885282802,-0.0875618733124064,0.9060868574938987
0.03862405771677423,-0.40986198467392404,-0.07675750381836366,0.9080911965723583
0.03388136106529622,-0.4028227449565259,-0.08192432594824715,0.9109743653561159
0.6165340380265317,-0.7038035502849089,-0.2356557119930712,-0.26270273688352697
0.6773716534653748,-0.1861187571853901,-0.6553947009075975,-0.2774621367458825
0.6963062400400833,-0.20600026011461578,-0.6401399847566869,-0.25088306604803196
0.7037824105259987,-0.19171323631351198,-0.6349941473141948,-0.2543988729006733
0.6900871419607133,-0.19671837014852459,-0.6417692686718921,-0.27058053354768025
0.6156431823889396,-0.051624598331895956,-0.1806198284673883,-0.7653070301450919
0.6026469542000231,-0.05684672837190169,-0.18726024803909955,-0.7736399017444623
0.651471993020518,-0.5296453121255023,0.4202811714657204,0.3441276254019074
0.645625970810776,-0.5340122060895529,0.40857132373827604,0.3620325164688452
0.6359185170348717,-0.5002162226813563,0.4642905312168678,0.36031329822936603
0.020425580685398376,-0.40666380878278674,-0.08719698983901454,0.9091776653894201
0.008037392415968424,-0.4071868921304123,-0.09039705202518063,0.9088248501144126
0.02104474546454194,-0.4011572937171079,-0.06646857528229723,0.9133519983477566
0.04813204018658089,-0.38060861739794843,-0.05930536456900236,0.9215765083829108
0.034721861076697745,-0.39450480668300875,-0.06578065512133911,0.9158784063832819
0.05782105905522148,-0.38556673327722535,-0.0664828790091199,0.9184634157756749
0.6163594036071929,-0.707713406480454,-0.22007072739480188,-0.2661046689119532
0.6262638005772007,-0.6925422964043093,-0.24027412892191832,-0.2654188439965397
0.6252714526247148,-0.687517407998673,-0.25356472187369333,-0.26844060060371217
0.7019434098295462,-0.1765642667568685,-0.6388704678789321,-0.2606626831244432
0.6426926503168516,-0.039465348573902256,-0.1675541031055635,-0.7465348391221481
0.6147896073257376,-0.05462217136136126,-0.14937588186958548,-0.7724875423174922
0.6151922527504926,-0.06786950472269666,-0.16311561555758675,-0.7683264400277655
0.6418865801065328,-0.5337247170126652,0.4038437017396268,0.37420557090204515
0.6412021477083386,-0.52049445562463,0.4414205234760512,0.3508464748182073
0.6535224062430978,-0.5194407962763439,0.4263743862369316,0.34827375218800144
0.6488729665740431,-0.5352885978358477,0.40487032648999405,0.35848292707494245
0.04437978937673442,-0.3973958013738351,-0.06760164557248825,0.9140771460118756
0.02912434943680378,-0.39419144060517614,-0.07289367961399025,0.9156699142681449
0.038829285997869396,-0.3869225130219487,-0.06779231124533605,0.9187967446621103
0.046655074147179246,-0.3868352967384218,-0.06179969647027067,0.918892025631848
0.6145754803613908,-0.7059406003679869,-0.2348324629513495,-0.26229479986239773
0.6220209999258575,-0.6972351271392848,-0.25781370691024813,-0.24593727993839948
0.6222256428642932,-0.7020799203344122,-0.2469628450947208,-0.24275170023722514
0.6228905403167341,-0.6983681146950245,-0.23250444845522836,-0.2650113820381577
0.6285749798449108,-0.6962509924669789,-0.21950056193275497,-0.2682304112380284
0.6388425623006073,-0.043258286665604204,-0.17009768169716108,-0.7490498514179164
0.5970354408920732,-0.05657807469792227,-0.18606621760707068,-0.7782846307410177
0.6252267165614662,-0.05343584017615502,-0.19692104644305858,-0.7532982578967027
0.6348731882035831,-0.5354309879283508,0.433194231077546,0.350132046844361
0.6388374557205361,-0.5224776258594832,0.4301774316794401,0.36585682024315297
0.6354493321567076,-0.537558144618503,0.41328985437756044,0.36936010028762156
0.6371783106302109,-0.5444486553288118,0.4123142518889611,0.3571784146086175
0.0479745862793412,-0.37891157762694405,-0.06871198227966586,0.9216306846577892
0.04024000128650394,-0.3840231321215346,-0.08548585855592385,0.9184765344193532
0.05780878093090687,-0.38185057940435674,-0.04370126015450428,0.9213785756770926
0.04667335491624883,-0.3738418744012518,-0.050448921714320624,0.924942569667373
0.6077515203159826,-0.7220219892315198,-0.22557926942745374,-0.24173607472685446
0.6254430154224246,-0.7052876153396159,-0.22568085285850173,-0.24588323806417112
0.6232792327064853,-0.7018286275542831,-0.228126848276656,-0.2586845892538746
0.6243069545269152,-0.7018311276461499,-0.24538201751474986,-0.23971141040145152
0.5990765379177382,-0.7193456405155685,-0.23767686789781536,-0.2591502607639591
0.6079792492417138,-0.05874082376642229,-0.2034241563276748,-0.7651989027286291
0.5974114721039379,-0.08182024155928481,-0.19337272979012587,-0.7739586348399384
0.6063785175260369,-0.09392153152052077,-0.18566906448831508,-0.7674704149944802
0.6237855464983765,-0.5535146870979928,0.4102169787333289,0.3691004111423243
0.6338891996626936,-0.5366727354749364,0.41530412138386186,0.3710651483370775
0.6506707250313439,-0.5254816416742161,0.4239070129454195,0.34756221921585206
0.6430202777311661,-0.5308771265482918,0.4084925279091166,0.37125227753750234
0.058344824296768356,-0.37974042512055234,-0.06265409573532493,0.9211229859766991
0.06691845631251257,-0.38160763255447794,-0.05190193264089533,0.9204367030758045
0.4215481881942074,-0.13679402233599078,0.2747051368176122,0.8533004208889965
0.42466480280651214,-0.11055573919754753,0.29594836992654266,0.8484408029589409
0.4338551923898352,-0.09090228890935188,0.2958684051386636,0.8461491196876136
0.4291582767439114,-0.10421129900121054,0.2788005843231639,0.8527798149837619
0.6091517927555532,-0.7222918656370056,-0.24786800729835531,-0.2139859929417157
0.741608977409359,0.502956246504782,-0.2739795611135987,0.3492654274612157
0.737614240958029,0.49731301615892065,-0.2948949283463216,0.34877209855498176
0.7386317456957936,0.49670655732794977,-0.2996311231542328,0.3434049070632708
0.7540816527067052,0.4726981318301315,-0.29497867631449964,0.34771384461245336
0.6342621100146175,-0.553287357620183,0.431181365151275,0.32506507970522464
0.6384326608367723,-0.55529294872915,0.41916080810436435,0.3291773011886766
0.6337677331900982,-0.5384497723662954,0.4153462377583234,0.36864319576763627
0.6363273569925796,-0.5466034413176958,0.3916164235034938,0.37808563781876564
0.6363676923529238,-0.5283535132311376,0.41584903793477085,0.3780850470918606
0.42919278037474895,-0.11654990361493743,0.27163768375135144,0.8534767987518712
0.4174183184186551,-0.13204355863280604,0.26539095669935864,0.8590076170642064
0.4186111147894676,-0.12550201800942434,0.27072885985731066,0.8577411395582247
0.4201383736218439,-0.12135711784628783,0.27736417550541187,0.8554678901657485
0.4172512942847143,-0.10241071596505284,0.28266796935973243,0.8576200917488475
0.4312299526639019,-0.10497193214118505,0.280974544688206,0.850925923112753
0.4389875821374922,-0.1126297521131267,0.2711127591666766,0.8491774334525417
0.7312731700077525,0.5090740130869357,-0.30278557024085606,0.3382367491569993
0.7259554440231027,0.5140860765827832,-0.2992200407377278,0.3452123496890764
0.7484431843046025,0.5647472765432447,-0.3031737815815299,-0.1702321111498345
0.7515690499562877,0.5529019394632066,-0.30973240013269193,-0.1830553162125314
0.7672409079824776,0.5328628453724067,-0.3171320784555153,-0.16378590279487104
0.7590853338850566,0.5483504952485324,-0.26006953436641805,-0.23551014316953703
0.6477060926985128,-0.5246828956086221,0.4136473155665842,0.36617014468896325
0.31136987596803134,0.8090903232162416,-0.0037708879723590176,-0.49840488523026183
0.3081589378494269,0.7904855455573799,0.001211402737077005,-0.529310120620958
0.4427375847590009,-0.10188209657401284,0.27345754133255823,0.8478351505615949
0.433282613703234,-0.10018071331028468,0.28260797603668114,0.8499192510018745
0.43148878759106846,-0.09320315609232603,0.27937150543852646,0.8526911280332585
0.43719608819000544,-0.08355658406294825,0.29078863414583084,0.8469473702554904
0.44481902814764546,-0.0723266289739718,0.2816267161512806,0.8471075986490096
0.434974285153946,-0.07250259542191359,0.30957522803255444,0.8424392696809021
0.42428238384579003,-0.092121358247832,0.2910866459204506,0.8525061165056181
0.7329711492991193,0.5195121316172582,-0.28715384199442223,0.33226963512404106
0.7687839196911789,0.5459757072386467,-0.2639088091249027,-0.20306144980227614
0.7684503557857039,0.538872764127657,-0.28865132320643283,-0.18915762840926995
0.7574369230570428,0.5472057462740728,-0.31233795025545474,-0.17117296417581718
0.7514451180531,0.5564385748125626,-0.2977586093361252,-0.1924737841394089
0.7468070560447196,0.5868423086171609,-0.2366827212165515,-0.2046377661533377
0.31979066313969506,0.8164407477434789,-0.029792092974566992,-0.47986546905246064
0.30694975948919156,0.8017238789169459,-0.02201709660046435,-0.5123825861416249
0.33557635448615897,0.8154863935335684,0.000870710266541098,-0.47156091243340514
0.4291553725883348,-0.11424303703178708,0.273234445904211,0.8532977980984952
0.4304173229368574,-0.10924267892134377,0.29246020942783096,0.84692029797342
0.424704732769085,-0.09163265620889777,0.3004307867052699,0.8490999285592331
0.4362519445804395,-0.08301474888566909,0.28883865208510257,0.8481538925094287
0.4398714202801974,-0.07406191907382687,0.28553254897602076,0.8482329451507058
0.4468225051861566,-0.06939307641414875,0.2872776909240121,0.8443966947485732
0.4250999886181581,-0.09854554898776142,0.3116254053527586,0.8440784212324537
0.764153554827511,0.5537113352019634,-0.26412028026281353,-0.19928266223440042
0.772442809565107,0.5471140632420712,-0.24928140552298103,-0.20459005013539092
0.754834413844225,0.5641977974871218,-0.2862600590231892,-0.1730925521077273
0.7525597326607492,0.5678789993043386,-0.2747684382363567,-0.18886396235343159
0.7439248050847075,0.5757449689922631,-0.27797762213433247,-0.19447893626899654
0.7535183229249447,0.5679995424714188,-0.2683880220358034,-0.1937899027203094
0.3104488143736225,0.8188980846850897,-0.012825239699298076,-0.482558777538819
0.3065246615573316,0.8202452132825158,-0.011521077782318903,-0.482812268600351
0.28782485030373617,0.8218937407984769,-0.023895397791177442,-0.4909954626555315
0.3176168595984382,0.8086870305794087,-0.002732127659970083,-0.4951134744176673
0.42327754780509935,-0.10666228962255281,0.29658056865202137,0.8494111135337353
0.44186861092560603,-0.09397277639918479,0.29246572907817614,0.8428434286919932
0.433593279188104,-0.09700585686182321,0.2876519025786922,0.8484356869676505
0.4431398011465215,-0.0861197509183252,0.2951884624967282,0.8420654824598885
0.4476634229615324,-0.07816119931995334,0.2957610074673676,0.8402462217261786
0.42029505686964264,-0.10780053045518552,0.31170749928327857,0.8453221549770771
0.7485793896295181,0.567194521977108,-0.27748383111369335,-0.20229185631538796
0.7539718360452519,0.5634211256483321,-0.27182254520799,-0.20048842744749285
0.7588576904697864,0.5586452410755177,-0.25923214151723806,-0.21177629008679263
0.751920006128356,0.5621244901007346,-0.25570402966274314,-0.23075487259678254
0.772680049819907,0.5413088559311411,-0.26571964024345324,-0.19835154622466417
0.7670639895885448,0.5533717325684158,-0.2613009541205349,-0.19265090928005693
0.3043994425841522,0.8217919300260068,-0.008938120128044244,-0.4815798096963419
0.3117438984516096,0.8201569865614702,-0.014057522888582051,-0.4795421203844748
0.3223537800599226,0.811755037945871,-0.01024110042737829,-0.48686437404333954
0.2945637739305328,0.8159912446907824,-0.01240632559100496,-0.49722887563085044
0.31846482136190035,0.7922396475813891,-0.001477664636426901,-0.5205135107394154
0.4475123019571675,-0.12594880569249786,0.2536043353493998,0.848265571052851
0.4570236012567647,-0.12343212504526863,0.2731035381733085,0.8374415775672517
0.4360234079567247,-0.09491823207507162,0.2655771165001498,0.8546010251134809
0.27824581560981254,0.13702911315324276,-0.9500165354123329,0.03564927330554954
0.5437761441355575,-0.17024363187564318,0.4183761076908858,0.7073090154863574
0.56501227050313,-0.7454202757622896,0.32682275942786476,0.13526503828900607
0.5917251245877566,-0.7262283813920648,0.319431474870492,0.14288893538104303
0.5836721056942942,-0.7376743659236873,0.31019944291520885,0.1376216135226172
0.5688620502101206,-0.7476497735767743,0.3095395568154687,0.14697294536008917
0.7592102154984677,0.5585086615070093,-0.2633741209312331,-0.2056744907083021
0.7674170507050689,0.5522778936839229,-0.24697592158283704,-0.21228069293624277
0.31158063415064596,0.8271278556404307,0.018218370975477852,-0.4673811183658836
0.30859581140157044,0.8284411673353396,0.006818285492149866,-0.4673407412503365
0.301864701475445,0.825612167580236,-0.00726968329013921,-0.4766438948014187
0.2929498968422116,0.818267628301629,-0.006364866866007279,-0.49454821290096973
0.3022486231338606,0.8204696882212936,0.011259090885348587,-0.48512729607410715
0.19021796243832476,-0.40451083499854007,0.3000146192387959,0.842721388940376
0.20458256327937085,0.19265107579044471,-0.9596077689630876,0.013581882951637501
0.24992263163442788,0.21097186960473507,-0.9449458168430146,0.010341743725931883
0.2713598311745701,0.18866988028759415,-0.9437194042920468,0.0126966239543447
0.5275566692623331,-0.18212916968321302,0.3818443076717,0.7366870780501427
0.5765626032972416,-0.7352227917039923,0.3243461964261461,0.1477245947768607
0.565721439984717,-0.745325378798901,0.32372742691581763,0.140178047933181
0.5767405789539285,-0.7418797451022351,0.3025165355169848,0.1595885150433175
0.5821889570881733,-0.7406787132660978,0.30171312473424855,0.14635659302593323
0.5765277769680524,-0.7418157932994037,0.30470331829357056,0.15646385850009925
0.15719886150914375,-0.8558150343468003,-0.31779129187843963,0.3766667489073683
0.16938325738077406,-0.8925052505762843,-0.2567341164473552,0.32989586730487913
0.2005055168037184,-0.40653026477711834,0.2777697860235882,0.8469797090390832
0.18869171562908274,-0.4240318730362888,0.26311715247604334,0.8457906189921881
0.22365540730955316,-0.39279723744077844,0.29702335491529563,0.8411098119002971
0.1949243976764547,-0.40141954319500206,0.29329903034207266,0.8454835943600486
